The system is: Darwin - 21.2.0 - arm64
Compiling the CXX compiler identification source file "CMakeCXXCompilerId.cpp" succeeded.
Compiler: /Library/Developer/CommandLineTools/usr/bin/c++ 
Build flags: 
Id flags: -c 

The output was:
0


Compilation of the CXX compiler identification source "CMakeCXXCompilerId.cpp" produced "CMakeCXXCompilerId.o"

The CXX compiler identification is AppleClang, found in "/Users/kshitiz2000/desktop/pythonpro/opencv-4.5.0/build/CMakeFiles/3.22.2/CompilerIdCXX/CMakeCXXCompilerId.o"

Compiling the C compiler identification source file "CMakeCCompilerId.c" succeeded.
Compiler: /Library/Developer/CommandLineTools/usr/bin/cc 
Build flags: 
Id flags: -c 

The output was:
0


Compilation of the C compiler identification source "CMakeCCompilerId.c" produced "CMakeCCompilerId.o"

The C compiler identification is AppleClang, found in "/Users/kshitiz2000/desktop/pythonpro/opencv-4.5.0/build/CMakeFiles/3.22.2/CompilerIdC/CMakeCCompilerId.o"

Detecting CXX compiler ABI info compiled with the following output:
Change Dir: /Users/kshitiz2000/desktop/pythonpro/opencv-4.5.0/build/CMakeFiles/CMakeTmp

Run Build Command(s):/usr/bin/make -f Makefile cmTC_b3852/fast && /Library/Developer/CommandLineTools/usr/bin/make  -f CMakeFiles/cmTC_b3852.dir/build.make CMakeFiles/cmTC_b3852.dir/build
Building CXX object CMakeFiles/cmTC_b3852.dir/CMakeCXXCompilerABI.cpp.o
/Library/Developer/CommandLineTools/usr/bin/c++   -arch arm64 -isysroot /Library/Developer/CommandLineTools/SDKs/MacOSX12.1.sdk -fPIE   -v -Wl,-v -MD -MT CMakeFiles/cmTC_b3852.dir/CMakeCXXCompilerABI.cpp.o -MF CMakeFiles/cmTC_b3852.dir/CMakeCXXCompilerABI.cpp.o.d -o CMakeFiles/cmTC_b3852.dir/CMakeCXXCompilerABI.cpp.o -c /opt/homebrew/Cellar/cmake/3.22.2/share/cmake/Modules/CMakeCXXCompilerABI.cpp
Apple clang version 13.0.0 (clang-1300.0.27.3)
Target: arm64-apple-darwin21.2.0
Thread model: posix
InstalledDir: /Library/Developer/CommandLineTools/usr/bin
clang: warning: -Wl,-v: 'linker' input unused [-Wunused-command-line-argument]
 "/Library/Developer/CommandLineTools/usr/bin/clang" -cc1 -triple arm64-apple-macosx12.0.0 -Wundef-prefix=TARGET_OS_ -Wdeprecated-objc-isa-usage -Werror=deprecated-objc-isa-usage -Werror=implicit-function-declaration -emit-obj -mrelax-all --mrelax-relocations -disable-free -disable-llvm-verifier -discard-value-names -main-file-name CMakeCXXCompilerABI.cpp -mrelocation-model pic -pic-level 2 -mframe-pointer=non-leaf -fno-strict-return -fno-rounding-math -munwind-tables -target-sdk-version=12.1 -fvisibility-inlines-hidden-static-local-var -target-cpu apple-m1 -target-feature +v8.5a -target-feature +fp-armv8 -target-feature +neon -target-feature +crc -target-feature +crypto -target-feature +dotprod -target-feature +fp16fml -target-feature +ras -target-feature +lse -target-feature +rdm -target-feature +rcpc -target-feature +zcm -target-feature +zcz -target-feature +fullfp16 -target-feature +sm4 -target-feature +sha3 -target-feature +sha2 -target-feature +aes -target-abi darwinpcs -fallow-half-arguments-and-returns -debugger-tuning=lldb -target-linker-version 710.1 -v -resource-dir /Library/Developer/CommandLineTools/usr/lib/clang/13.0.0 -dependency-file CMakeFiles/cmTC_b3852.dir/CMakeCXXCompilerABI.cpp.o.d -skip-unused-modulemap-deps -MT CMakeFiles/cmTC_b3852.dir/CMakeCXXCompilerABI.cpp.o -sys-header-deps -isysroot /Library/Developer/CommandLineTools/SDKs/MacOSX12.1.sdk -stdlib=libc++ -internal-isystem /Library/Developer/CommandLineTools/SDKs/MacOSX12.1.sdk/usr/include/c++/v1 -internal-isystem /Library/Developer/CommandLineTools/SDKs/MacOSX12.1.sdk/usr/local/include -internal-isystem /Library/Developer/CommandLineTools/usr/lib/clang/13.0.0/include -internal-externc-isystem /Library/Developer/CommandLineTools/SDKs/MacOSX12.1.sdk/usr/include -internal-externc-isystem /Library/Developer/CommandLineTools/usr/include -Wno-reorder-init-list -Wno-implicit-int-float-conversion -Wno-c99-designator -Wno-final-dtor-non-final-class -Wno-extra-semi-stmt -Wno-misleading-indentation -Wno-quoted-include-in-framework-header -Wno-implicit-fallthrough -Wno-enum-enum-conversion -Wno-enum-float-conversion -Wno-elaborated-enum-base -fdeprecated-macro -fdebug-compilation-dir /Users/kshitiz2000/Desktop/pythonpro/opencv-4.5.0/build/CMakeFiles/CMakeTmp -ferror-limit 19 -stack-protector 1 -fstack-check -mdarwin-stkchk-strong-link -fblocks -fencode-extended-block-signature -fregister-global-dtors-with-atexit -fgnuc-version=4.2.1 -fcxx-exceptions -fexceptions -fmax-type-align=16 -fcommon -clang-vendor-feature=+nullptrToBoolConversion -clang-vendor-feature=+messageToSelfInClassMethodIdReturnType -clang-vendor-feature=+disableInferNewAvailabilityFromInit -clang-vendor-feature=+disableNeonImmediateRangeCheck -clang-vendor-feature=+disableNonDependentMemberExprInCurrentInstantiation -fno-odr-hash-protocols -clang-vendor-feature=+revert09abecef7bbf -mllvm -disable-aligned-alloc-awareness=1 -mllvm -enable-dse-memoryssa=0 -o CMakeFiles/cmTC_b3852.dir/CMakeCXXCompilerABI.cpp.o -x c++ /opt/homebrew/Cellar/cmake/3.22.2/share/cmake/Modules/CMakeCXXCompilerABI.cpp
clang -cc1 version 13.0.0 (clang-1300.0.27.3) default target arm64-apple-darwin21.2.0
ignoring nonexistent directory "/Library/Developer/CommandLineTools/SDKs/MacOSX12.1.sdk/usr/local/include"
ignoring nonexistent directory "/Library/Developer/CommandLineTools/SDKs/MacOSX12.1.sdk/Library/Frameworks"
#include "..." search starts here:
#include <...> search starts here:
 /Library/Developer/CommandLineTools/SDKs/MacOSX12.1.sdk/usr/include/c++/v1
 /Library/Developer/CommandLineTools/usr/lib/clang/13.0.0/include
 /Library/Developer/CommandLineTools/SDKs/MacOSX12.1.sdk/usr/include
 /Library/Developer/CommandLineTools/usr/include
 /Library/Developer/CommandLineTools/SDKs/MacOSX12.1.sdk/System/Library/Frameworks (framework directory)
End of search list.
Linking CXX executable cmTC_b3852
/opt/homebrew/Cellar/cmake/3.22.2/bin/cmake -E cmake_link_script CMakeFiles/cmTC_b3852.dir/link.txt --verbose=1
/Library/Developer/CommandLineTools/usr/bin/c++  -arch arm64 -isysroot /Library/Developer/CommandLineTools/SDKs/MacOSX12.1.sdk -Wl,-search_paths_first -Wl,-headerpad_max_install_names  -v -Wl,-v CMakeFiles/cmTC_b3852.dir/CMakeCXXCompilerABI.cpp.o -o cmTC_b3852 
Apple clang version 13.0.0 (clang-1300.0.27.3)
Target: arm64-apple-darwin21.2.0
Thread model: posix
InstalledDir: /Library/Developer/CommandLineTools/usr/bin
 "/Library/Developer/CommandLineTools/usr/bin/ld" -demangle -lto_library /Library/Developer/CommandLineTools/usr/lib/libLTO.dylib -dynamic -arch arm64 -platform_version macos 12.0.0 12.1 -syslibroot /Library/Developer/CommandLineTools/SDKs/MacOSX12.1.sdk -o cmTC_b3852 -search_paths_first -headerpad_max_install_names -v CMakeFiles/cmTC_b3852.dir/CMakeCXXCompilerABI.cpp.o -lc++ -lSystem /Library/Developer/CommandLineTools/usr/lib/clang/13.0.0/lib/darwin/libclang_rt.osx.a
@(#)PROGRAM:ld  PROJECT:ld64-710.1
BUILD 08:20:25 Jul 19 2021
configured to support archs: armv6 armv7 armv7s arm64 arm64e arm64_32 i386 x86_64 x86_64h armv6m armv7k armv7m armv7em
Library search paths:
	/Library/Developer/CommandLineTools/SDKs/MacOSX12.1.sdk/usr/lib
Framework search paths:
	/Library/Developer/CommandLineTools/SDKs/MacOSX12.1.sdk/System/Library/Frameworks/



Parsed CXX implicit include dir info from above output: rv=done
  found start of include info
  found start of implicit include info
    add: [/Library/Developer/CommandLineTools/SDKs/MacOSX12.1.sdk/usr/include/c++/v1]
    add: [/Library/Developer/CommandLineTools/usr/lib/clang/13.0.0/include]
    add: [/Library/Developer/CommandLineTools/SDKs/MacOSX12.1.sdk/usr/include]
    add: [/Library/Developer/CommandLineTools/usr/include]
  end of search list found
  collapse include dir [/Library/Developer/CommandLineTools/SDKs/MacOSX12.1.sdk/usr/include/c++/v1] ==> [/Library/Developer/CommandLineTools/SDKs/MacOSX12.1.sdk/usr/include/c++/v1]
  collapse include dir [/Library/Developer/CommandLineTools/usr/lib/clang/13.0.0/include] ==> [/Library/Developer/CommandLineTools/usr/lib/clang/13.0.0/include]
  collapse include dir [/Library/Developer/CommandLineTools/SDKs/MacOSX12.1.sdk/usr/include] ==> [/Library/Developer/CommandLineTools/SDKs/MacOSX12.1.sdk/usr/include]
  collapse include dir [/Library/Developer/CommandLineTools/usr/include] ==> [/Library/Developer/CommandLineTools/usr/include]
  implicit include dirs: [/Library/Developer/CommandLineTools/SDKs/MacOSX12.1.sdk/usr/include/c++/v1;/Library/Developer/CommandLineTools/usr/lib/clang/13.0.0/include;/Library/Developer/CommandLineTools/SDKs/MacOSX12.1.sdk/usr/include;/Library/Developer/CommandLineTools/usr/include]


Parsed CXX implicit link information from above output:
  link line regex: [^( *|.*[/\])(ld|CMAKE_LINK_STARTFILE-NOTFOUND|([^/\]+-)?ld|collect2)[^/\]*( |$)]
  ignore line: [Change Dir: /Users/kshitiz2000/desktop/pythonpro/opencv-4.5.0/build/CMakeFiles/CMakeTmp]
  ignore line: []
  ignore line: [Run Build Command(s):/usr/bin/make -f Makefile cmTC_b3852/fast && /Library/Developer/CommandLineTools/usr/bin/make  -f CMakeFiles/cmTC_b3852.dir/build.make CMakeFiles/cmTC_b3852.dir/build]
  ignore line: [Building CXX object CMakeFiles/cmTC_b3852.dir/CMakeCXXCompilerABI.cpp.o]
  ignore line: [/Library/Developer/CommandLineTools/usr/bin/c++   -arch arm64 -isysroot /Library/Developer/CommandLineTools/SDKs/MacOSX12.1.sdk -fPIE   -v -Wl -v -MD -MT CMakeFiles/cmTC_b3852.dir/CMakeCXXCompilerABI.cpp.o -MF CMakeFiles/cmTC_b3852.dir/CMakeCXXCompilerABI.cpp.o.d -o CMakeFiles/cmTC_b3852.dir/CMakeCXXCompilerABI.cpp.o -c /opt/homebrew/Cellar/cmake/3.22.2/share/cmake/Modules/CMakeCXXCompilerABI.cpp]
  ignore line: [Apple clang version 13.0.0 (clang-1300.0.27.3)]
  ignore line: [Target: arm64-apple-darwin21.2.0]
  ignore line: [Thread model: posix]
  ignore line: [InstalledDir: /Library/Developer/CommandLineTools/usr/bin]
  ignore line: [clang: warning: -Wl -v: 'linker' input unused [-Wunused-command-line-argument]]
  ignore line: [ "/Library/Developer/CommandLineTools/usr/bin/clang" -cc1 -triple arm64-apple-macosx12.0.0 -Wundef-prefix=TARGET_OS_ -Wdeprecated-objc-isa-usage -Werror=deprecated-objc-isa-usage -Werror=implicit-function-declaration -emit-obj -mrelax-all --mrelax-relocations -disable-free -disable-llvm-verifier -discard-value-names -main-file-name CMakeCXXCompilerABI.cpp -mrelocation-model pic -pic-level 2 -mframe-pointer=non-leaf -fno-strict-return -fno-rounding-math -munwind-tables -target-sdk-version=12.1 -fvisibility-inlines-hidden-static-local-var -target-cpu apple-m1 -target-feature +v8.5a -target-feature +fp-armv8 -target-feature +neon -target-feature +crc -target-feature +crypto -target-feature +dotprod -target-feature +fp16fml -target-feature +ras -target-feature +lse -target-feature +rdm -target-feature +rcpc -target-feature +zcm -target-feature +zcz -target-feature +fullfp16 -target-feature +sm4 -target-feature +sha3 -target-feature +sha2 -target-feature +aes -target-abi darwinpcs -fallow-half-arguments-and-returns -debugger-tuning=lldb -target-linker-version 710.1 -v -resource-dir /Library/Developer/CommandLineTools/usr/lib/clang/13.0.0 -dependency-file CMakeFiles/cmTC_b3852.dir/CMakeCXXCompilerABI.cpp.o.d -skip-unused-modulemap-deps -MT CMakeFiles/cmTC_b3852.dir/CMakeCXXCompilerABI.cpp.o -sys-header-deps -isysroot /Library/Developer/CommandLineTools/SDKs/MacOSX12.1.sdk -stdlib=libc++ -internal-isystem /Library/Developer/CommandLineTools/SDKs/MacOSX12.1.sdk/usr/include/c++/v1 -internal-isystem /Library/Developer/CommandLineTools/SDKs/MacOSX12.1.sdk/usr/local/include -internal-isystem /Library/Developer/CommandLineTools/usr/lib/clang/13.0.0/include -internal-externc-isystem /Library/Developer/CommandLineTools/SDKs/MacOSX12.1.sdk/usr/include -internal-externc-isystem /Library/Developer/CommandLineTools/usr/include -Wno-reorder-init-list -Wno-implicit-int-float-conversion -Wno-c99-designator -Wno-final-dtor-non-final-class -Wno-extra-semi-stmt -Wno-misleading-indentation -Wno-quoted-include-in-framework-header -Wno-implicit-fallthrough -Wno-enum-enum-conversion -Wno-enum-float-conversion -Wno-elaborated-enum-base -fdeprecated-macro -fdebug-compilation-dir /Users/kshitiz2000/Desktop/pythonpro/opencv-4.5.0/build/CMakeFiles/CMakeTmp -ferror-limit 19 -stack-protector 1 -fstack-check -mdarwin-stkchk-strong-link -fblocks -fencode-extended-block-signature -fregister-global-dtors-with-atexit -fgnuc-version=4.2.1 -fcxx-exceptions -fexceptions -fmax-type-align=16 -fcommon -clang-vendor-feature=+nullptrToBoolConversion -clang-vendor-feature=+messageToSelfInClassMethodIdReturnType -clang-vendor-feature=+disableInferNewAvailabilityFromInit -clang-vendor-feature=+disableNeonImmediateRangeCheck -clang-vendor-feature=+disableNonDependentMemberExprInCurrentInstantiation -fno-odr-hash-protocols -clang-vendor-feature=+revert09abecef7bbf -mllvm -disable-aligned-alloc-awareness=1 -mllvm -enable-dse-memoryssa=0 -o CMakeFiles/cmTC_b3852.dir/CMakeCXXCompilerABI.cpp.o -x c++ /opt/homebrew/Cellar/cmake/3.22.2/share/cmake/Modules/CMakeCXXCompilerABI.cpp]
  ignore line: [clang -cc1 version 13.0.0 (clang-1300.0.27.3) default target arm64-apple-darwin21.2.0]
  ignore line: [ignoring nonexistent directory "/Library/Developer/CommandLineTools/SDKs/MacOSX12.1.sdk/usr/local/include"]
  ignore line: [ignoring nonexistent directory "/Library/Developer/CommandLineTools/SDKs/MacOSX12.1.sdk/Library/Frameworks"]
  ignore line: [#include "..." search starts here:]
  ignore line: [#include <...> search starts here:]
  ignore line: [ /Library/Developer/CommandLineTools/SDKs/MacOSX12.1.sdk/usr/include/c++/v1]
  ignore line: [ /Library/Developer/CommandLineTools/usr/lib/clang/13.0.0/include]
  ignore line: [ /Library/Developer/CommandLineTools/SDKs/MacOSX12.1.sdk/usr/include]
  ignore line: [ /Library/Developer/CommandLineTools/usr/include]
  ignore line: [ /Library/Developer/CommandLineTools/SDKs/MacOSX12.1.sdk/System/Library/Frameworks (framework directory)]
  ignore line: [End of search list.]
  ignore line: [Linking CXX executable cmTC_b3852]
  ignore line: [/opt/homebrew/Cellar/cmake/3.22.2/bin/cmake -E cmake_link_script CMakeFiles/cmTC_b3852.dir/link.txt --verbose=1]
  ignore line: [/Library/Developer/CommandLineTools/usr/bin/c++  -arch arm64 -isysroot /Library/Developer/CommandLineTools/SDKs/MacOSX12.1.sdk -Wl -search_paths_first -Wl -headerpad_max_install_names  -v -Wl -v CMakeFiles/cmTC_b3852.dir/CMakeCXXCompilerABI.cpp.o -o cmTC_b3852 ]
  ignore line: [Apple clang version 13.0.0 (clang-1300.0.27.3)]
  ignore line: [Target: arm64-apple-darwin21.2.0]
  ignore line: [Thread model: posix]
  ignore line: [InstalledDir: /Library/Developer/CommandLineTools/usr/bin]
  link line: [ "/Library/Developer/CommandLineTools/usr/bin/ld" -demangle -lto_library /Library/Developer/CommandLineTools/usr/lib/libLTO.dylib -dynamic -arch arm64 -platform_version macos 12.0.0 12.1 -syslibroot /Library/Developer/CommandLineTools/SDKs/MacOSX12.1.sdk -o cmTC_b3852 -search_paths_first -headerpad_max_install_names -v CMakeFiles/cmTC_b3852.dir/CMakeCXXCompilerABI.cpp.o -lc++ -lSystem /Library/Developer/CommandLineTools/usr/lib/clang/13.0.0/lib/darwin/libclang_rt.osx.a]
    arg [/Library/Developer/CommandLineTools/usr/bin/ld] ==> ignore
    arg [-demangle] ==> ignore
    arg [-lto_library] ==> ignore, skip following value
    arg [/Library/Developer/CommandLineTools/usr/lib/libLTO.dylib] ==> skip value of -lto_library
    arg [-dynamic] ==> ignore
    arg [-arch] ==> ignore
    arg [arm64] ==> ignore
    arg [-platform_version] ==> ignore
    arg [macos] ==> ignore
    arg [12.0.0] ==> ignore
    arg [12.1] ==> ignore
    arg [-syslibroot] ==> ignore
    arg [/Library/Developer/CommandLineTools/SDKs/MacOSX12.1.sdk] ==> ignore
    arg [-o] ==> ignore
    arg [cmTC_b3852] ==> ignore
    arg [-search_paths_first] ==> ignore
    arg [-headerpad_max_install_names] ==> ignore
    arg [-v] ==> ignore
    arg [CMakeFiles/cmTC_b3852.dir/CMakeCXXCompilerABI.cpp.o] ==> ignore
    arg [-lc++] ==> lib [c++]
    arg [-lSystem] ==> lib [System]
    arg [/Library/Developer/CommandLineTools/usr/lib/clang/13.0.0/lib/darwin/libclang_rt.osx.a] ==> lib [/Library/Developer/CommandLineTools/usr/lib/clang/13.0.0/lib/darwin/libclang_rt.osx.a]
  Library search paths: [;/Library/Developer/CommandLineTools/SDKs/MacOSX12.1.sdk/usr/lib]
  Framework search paths: [;/Library/Developer/CommandLineTools/SDKs/MacOSX12.1.sdk/System/Library/Frameworks/]
  remove lib [System]
  remove lib [/Library/Developer/CommandLineTools/usr/lib/clang/13.0.0/lib/darwin/libclang_rt.osx.a]
  collapse library dir [/Library/Developer/CommandLineTools/SDKs/MacOSX12.1.sdk/usr/lib] ==> [/Library/Developer/CommandLineTools/SDKs/MacOSX12.1.sdk/usr/lib]
  collapse framework dir [/Library/Developer/CommandLineTools/SDKs/MacOSX12.1.sdk/System/Library/Frameworks/] ==> [/Library/Developer/CommandLineTools/SDKs/MacOSX12.1.sdk/System/Library/Frameworks]
  implicit libs: [c++]
  implicit objs: []
  implicit dirs: [/Library/Developer/CommandLineTools/SDKs/MacOSX12.1.sdk/usr/lib]
  implicit fwks: [/Library/Developer/CommandLineTools/SDKs/MacOSX12.1.sdk/System/Library/Frameworks]


Detecting C compiler ABI info compiled with the following output:
Change Dir: /Users/kshitiz2000/desktop/pythonpro/opencv-4.5.0/build/CMakeFiles/CMakeTmp

Run Build Command(s):/usr/bin/make -f Makefile cmTC_2c576/fast && /Library/Developer/CommandLineTools/usr/bin/make  -f CMakeFiles/cmTC_2c576.dir/build.make CMakeFiles/cmTC_2c576.dir/build
Building C object CMakeFiles/cmTC_2c576.dir/CMakeCCompilerABI.c.o
/Library/Developer/CommandLineTools/usr/bin/cc   -arch arm64 -isysroot /Library/Developer/CommandLineTools/SDKs/MacOSX12.1.sdk -fPIE   -v -Wl,-v -MD -MT CMakeFiles/cmTC_2c576.dir/CMakeCCompilerABI.c.o -MF CMakeFiles/cmTC_2c576.dir/CMakeCCompilerABI.c.o.d -o CMakeFiles/cmTC_2c576.dir/CMakeCCompilerABI.c.o -c /opt/homebrew/Cellar/cmake/3.22.2/share/cmake/Modules/CMakeCCompilerABI.c
Apple clang version 13.0.0 (clang-1300.0.27.3)
Target: arm64-apple-darwin21.2.0
Thread model: posix
InstalledDir: /Library/Developer/CommandLineTools/usr/bin
clang: warning: -Wl,-v: 'linker' input unused [-Wunused-command-line-argument]
 "/Library/Developer/CommandLineTools/usr/bin/clang" -cc1 -triple arm64-apple-macosx12.0.0 -Wundef-prefix=TARGET_OS_ -Wdeprecated-objc-isa-usage -Werror=deprecated-objc-isa-usage -Werror=implicit-function-declaration -emit-obj -mrelax-all --mrelax-relocations -disable-free -disable-llvm-verifier -discard-value-names -main-file-name CMakeCCompilerABI.c -mrelocation-model pic -pic-level 2 -mframe-pointer=non-leaf -fno-strict-return -fno-rounding-math -munwind-tables -target-sdk-version=12.1 -fvisibility-inlines-hidden-static-local-var -target-cpu apple-m1 -target-feature +v8.5a -target-feature +fp-armv8 -target-feature +neon -target-feature +crc -target-feature +crypto -target-feature +dotprod -target-feature +fp16fml -target-feature +ras -target-feature +lse -target-feature +rdm -target-feature +rcpc -target-feature +zcm -target-feature +zcz -target-feature +fullfp16 -target-feature +sm4 -target-feature +sha3 -target-feature +sha2 -target-feature +aes -target-abi darwinpcs -fallow-half-arguments-and-returns -debugger-tuning=lldb -target-linker-version 710.1 -v -resource-dir /Library/Developer/CommandLineTools/usr/lib/clang/13.0.0 -dependency-file CMakeFiles/cmTC_2c576.dir/CMakeCCompilerABI.c.o.d -skip-unused-modulemap-deps -MT CMakeFiles/cmTC_2c576.dir/CMakeCCompilerABI.c.o -sys-header-deps -isysroot /Library/Developer/CommandLineTools/SDKs/MacOSX12.1.sdk -internal-isystem /Library/Developer/CommandLineTools/SDKs/MacOSX12.1.sdk/usr/local/include -internal-isystem /Library/Developer/CommandLineTools/usr/lib/clang/13.0.0/include -internal-externc-isystem /Library/Developer/CommandLineTools/SDKs/MacOSX12.1.sdk/usr/include -internal-externc-isystem /Library/Developer/CommandLineTools/usr/include -Wno-reorder-init-list -Wno-implicit-int-float-conversion -Wno-c99-designator -Wno-final-dtor-non-final-class -Wno-extra-semi-stmt -Wno-misleading-indentation -Wno-quoted-include-in-framework-header -Wno-implicit-fallthrough -Wno-enum-enum-conversion -Wno-enum-float-conversion -Wno-elaborated-enum-base -fdebug-compilation-dir /Users/kshitiz2000/Desktop/pythonpro/opencv-4.5.0/build/CMakeFiles/CMakeTmp -ferror-limit 19 -stack-protector 1 -fstack-check -mdarwin-stkchk-strong-link -fblocks -fencode-extended-block-signature -fregister-global-dtors-with-atexit -fgnuc-version=4.2.1 -fmax-type-align=16 -fcommon -clang-vendor-feature=+nullptrToBoolConversion -clang-vendor-feature=+messageToSelfInClassMethodIdReturnType -clang-vendor-feature=+disableInferNewAvailabilityFromInit -clang-vendor-feature=+disableNeonImmediateRangeCheck -clang-vendor-feature=+disableNonDependentMemberExprInCurrentInstantiation -fno-odr-hash-protocols -clang-vendor-feature=+revert09abecef7bbf -mllvm -disable-aligned-alloc-awareness=1 -mllvm -enable-dse-memoryssa=0 -o CMakeFiles/cmTC_2c576.dir/CMakeCCompilerABI.c.o -x c /opt/homebrew/Cellar/cmake/3.22.2/share/cmake/Modules/CMakeCCompilerABI.c
clang -cc1 version 13.0.0 (clang-1300.0.27.3) default target arm64-apple-darwin21.2.0
ignoring nonexistent directory "/Library/Developer/CommandLineTools/SDKs/MacOSX12.1.sdk/usr/local/include"
ignoring nonexistent directory "/Library/Developer/CommandLineTools/SDKs/MacOSX12.1.sdk/Library/Frameworks"
#include "..." search starts here:
#include <...> search starts here:
 /Library/Developer/CommandLineTools/usr/lib/clang/13.0.0/include
 /Library/Developer/CommandLineTools/SDKs/MacOSX12.1.sdk/usr/include
 /Library/Developer/CommandLineTools/usr/include
 /Library/Developer/CommandLineTools/SDKs/MacOSX12.1.sdk/System/Library/Frameworks (framework directory)
End of search list.
Linking C executable cmTC_2c576
/opt/homebrew/Cellar/cmake/3.22.2/bin/cmake -E cmake_link_script CMakeFiles/cmTC_2c576.dir/link.txt --verbose=1
/Library/Developer/CommandLineTools/usr/bin/cc  -arch arm64 -isysroot /Library/Developer/CommandLineTools/SDKs/MacOSX12.1.sdk -Wl,-search_paths_first -Wl,-headerpad_max_install_names  -v -Wl,-v CMakeFiles/cmTC_2c576.dir/CMakeCCompilerABI.c.o -o cmTC_2c576 
Apple clang version 13.0.0 (clang-1300.0.27.3)
Target: arm64-apple-darwin21.2.0
Thread model: posix
InstalledDir: /Library/Developer/CommandLineTools/usr/bin
 "/Library/Developer/CommandLineTools/usr/bin/ld" -demangle -lto_library /Library/Developer/CommandLineTools/usr/lib/libLTO.dylib -dynamic -arch arm64 -platform_version macos 12.0.0 12.1 -syslibroot /Library/Developer/CommandLineTools/SDKs/MacOSX12.1.sdk -o cmTC_2c576 -search_paths_first -headerpad_max_install_names -v CMakeFiles/cmTC_2c576.dir/CMakeCCompilerABI.c.o -lSystem /Library/Developer/CommandLineTools/usr/lib/clang/13.0.0/lib/darwin/libclang_rt.osx.a
@(#)PROGRAM:ld  PROJECT:ld64-710.1
BUILD 08:20:25 Jul 19 2021
configured to support archs: armv6 armv7 armv7s arm64 arm64e arm64_32 i386 x86_64 x86_64h armv6m armv7k armv7m armv7em
Library search paths:
	/Library/Developer/CommandLineTools/SDKs/MacOSX12.1.sdk/usr/lib
Framework search paths:
	/Library/Developer/CommandLineTools/SDKs/MacOSX12.1.sdk/System/Library/Frameworks/



Parsed C implicit include dir info from above output: rv=done
  found start of include info
  found start of implicit include info
    add: [/Library/Developer/CommandLineTools/usr/lib/clang/13.0.0/include]
    add: [/Library/Developer/CommandLineTools/SDKs/MacOSX12.1.sdk/usr/include]
    add: [/Library/Developer/CommandLineTools/usr/include]
  end of search list found
  collapse include dir [/Library/Developer/CommandLineTools/usr/lib/clang/13.0.0/include] ==> [/Library/Developer/CommandLineTools/usr/lib/clang/13.0.0/include]
  collapse include dir [/Library/Developer/CommandLineTools/SDKs/MacOSX12.1.sdk/usr/include] ==> [/Library/Developer/CommandLineTools/SDKs/MacOSX12.1.sdk/usr/include]
  collapse include dir [/Library/Developer/CommandLineTools/usr/include] ==> [/Library/Developer/CommandLineTools/usr/include]
  implicit include dirs: [/Library/Developer/CommandLineTools/usr/lib/clang/13.0.0/include;/Library/Developer/CommandLineTools/SDKs/MacOSX12.1.sdk/usr/include;/Library/Developer/CommandLineTools/usr/include]


Parsed C implicit link information from above output:
  link line regex: [^( *|.*[/\])(ld|CMAKE_LINK_STARTFILE-NOTFOUND|([^/\]+-)?ld|collect2)[^/\]*( |$)]
  ignore line: [Change Dir: /Users/kshitiz2000/desktop/pythonpro/opencv-4.5.0/build/CMakeFiles/CMakeTmp]
  ignore line: []
  ignore line: [Run Build Command(s):/usr/bin/make -f Makefile cmTC_2c576/fast && /Library/Developer/CommandLineTools/usr/bin/make  -f CMakeFiles/cmTC_2c576.dir/build.make CMakeFiles/cmTC_2c576.dir/build]
  ignore line: [Building C object CMakeFiles/cmTC_2c576.dir/CMakeCCompilerABI.c.o]
  ignore line: [/Library/Developer/CommandLineTools/usr/bin/cc   -arch arm64 -isysroot /Library/Developer/CommandLineTools/SDKs/MacOSX12.1.sdk -fPIE   -v -Wl -v -MD -MT CMakeFiles/cmTC_2c576.dir/CMakeCCompilerABI.c.o -MF CMakeFiles/cmTC_2c576.dir/CMakeCCompilerABI.c.o.d -o CMakeFiles/cmTC_2c576.dir/CMakeCCompilerABI.c.o -c /opt/homebrew/Cellar/cmake/3.22.2/share/cmake/Modules/CMakeCCompilerABI.c]
  ignore line: [Apple clang version 13.0.0 (clang-1300.0.27.3)]
  ignore line: [Target: arm64-apple-darwin21.2.0]
  ignore line: [Thread model: posix]
  ignore line: [InstalledDir: /Library/Developer/CommandLineTools/usr/bin]
  ignore line: [clang: warning: -Wl -v: 'linker' input unused [-Wunused-command-line-argument]]
  ignore line: [ "/Library/Developer/CommandLineTools/usr/bin/clang" -cc1 -triple arm64-apple-macosx12.0.0 -Wundef-prefix=TARGET_OS_ -Wdeprecated-objc-isa-usage -Werror=deprecated-objc-isa-usage -Werror=implicit-function-declaration -emit-obj -mrelax-all --mrelax-relocations -disable-free -disable-llvm-verifier -discard-value-names -main-file-name CMakeCCompilerABI.c -mrelocation-model pic -pic-level 2 -mframe-pointer=non-leaf -fno-strict-return -fno-rounding-math -munwind-tables -target-sdk-version=12.1 -fvisibility-inlines-hidden-static-local-var -target-cpu apple-m1 -target-feature +v8.5a -target-feature +fp-armv8 -target-feature +neon -target-feature +crc -target-feature +crypto -target-feature +dotprod -target-feature +fp16fml -target-feature +ras -target-feature +lse -target-feature +rdm -target-feature +rcpc -target-feature +zcm -target-feature +zcz -target-feature +fullfp16 -target-feature +sm4 -target-feature +sha3 -target-feature +sha2 -target-feature +aes -target-abi darwinpcs -fallow-half-arguments-and-returns -debugger-tuning=lldb -target-linker-version 710.1 -v -resource-dir /Library/Developer/CommandLineTools/usr/lib/clang/13.0.0 -dependency-file CMakeFiles/cmTC_2c576.dir/CMakeCCompilerABI.c.o.d -skip-unused-modulemap-deps -MT CMakeFiles/cmTC_2c576.dir/CMakeCCompilerABI.c.o -sys-header-deps -isysroot /Library/Developer/CommandLineTools/SDKs/MacOSX12.1.sdk -internal-isystem /Library/Developer/CommandLineTools/SDKs/MacOSX12.1.sdk/usr/local/include -internal-isystem /Library/Developer/CommandLineTools/usr/lib/clang/13.0.0/include -internal-externc-isystem /Library/Developer/CommandLineTools/SDKs/MacOSX12.1.sdk/usr/include -internal-externc-isystem /Library/Developer/CommandLineTools/usr/include -Wno-reorder-init-list -Wno-implicit-int-float-conversion -Wno-c99-designator -Wno-final-dtor-non-final-class -Wno-extra-semi-stmt -Wno-misleading-indentation -Wno-quoted-include-in-framework-header -Wno-implicit-fallthrough -Wno-enum-enum-conversion -Wno-enum-float-conversion -Wno-elaborated-enum-base -fdebug-compilation-dir /Users/kshitiz2000/Desktop/pythonpro/opencv-4.5.0/build/CMakeFiles/CMakeTmp -ferror-limit 19 -stack-protector 1 -fstack-check -mdarwin-stkchk-strong-link -fblocks -fencode-extended-block-signature -fregister-global-dtors-with-atexit -fgnuc-version=4.2.1 -fmax-type-align=16 -fcommon -clang-vendor-feature=+nullptrToBoolConversion -clang-vendor-feature=+messageToSelfInClassMethodIdReturnType -clang-vendor-feature=+disableInferNewAvailabilityFromInit -clang-vendor-feature=+disableNeonImmediateRangeCheck -clang-vendor-feature=+disableNonDependentMemberExprInCurrentInstantiation -fno-odr-hash-protocols -clang-vendor-feature=+revert09abecef7bbf -mllvm -disable-aligned-alloc-awareness=1 -mllvm -enable-dse-memoryssa=0 -o CMakeFiles/cmTC_2c576.dir/CMakeCCompilerABI.c.o -x c /opt/homebrew/Cellar/cmake/3.22.2/share/cmake/Modules/CMakeCCompilerABI.c]
  ignore line: [clang -cc1 version 13.0.0 (clang-1300.0.27.3) default target arm64-apple-darwin21.2.0]
  ignore line: [ignoring nonexistent directory "/Library/Developer/CommandLineTools/SDKs/MacOSX12.1.sdk/usr/local/include"]
  ignore line: [ignoring nonexistent directory "/Library/Developer/CommandLineTools/SDKs/MacOSX12.1.sdk/Library/Frameworks"]
  ignore line: [#include "..." search starts here:]
  ignore line: [#include <...> search starts here:]
  ignore line: [ /Library/Developer/CommandLineTools/usr/lib/clang/13.0.0/include]
  ignore line: [ /Library/Developer/CommandLineTools/SDKs/MacOSX12.1.sdk/usr/include]
  ignore line: [ /Library/Developer/CommandLineTools/usr/include]
  ignore line: [ /Library/Developer/CommandLineTools/SDKs/MacOSX12.1.sdk/System/Library/Frameworks (framework directory)]
  ignore line: [End of search list.]
  ignore line: [Linking C executable cmTC_2c576]
  ignore line: [/opt/homebrew/Cellar/cmake/3.22.2/bin/cmake -E cmake_link_script CMakeFiles/cmTC_2c576.dir/link.txt --verbose=1]
  ignore line: [/Library/Developer/CommandLineTools/usr/bin/cc  -arch arm64 -isysroot /Library/Developer/CommandLineTools/SDKs/MacOSX12.1.sdk -Wl -search_paths_first -Wl -headerpad_max_install_names  -v -Wl -v CMakeFiles/cmTC_2c576.dir/CMakeCCompilerABI.c.o -o cmTC_2c576 ]
  ignore line: [Apple clang version 13.0.0 (clang-1300.0.27.3)]
  ignore line: [Target: arm64-apple-darwin21.2.0]
  ignore line: [Thread model: posix]
  ignore line: [InstalledDir: /Library/Developer/CommandLineTools/usr/bin]
  link line: [ "/Library/Developer/CommandLineTools/usr/bin/ld" -demangle -lto_library /Library/Developer/CommandLineTools/usr/lib/libLTO.dylib -dynamic -arch arm64 -platform_version macos 12.0.0 12.1 -syslibroot /Library/Developer/CommandLineTools/SDKs/MacOSX12.1.sdk -o cmTC_2c576 -search_paths_first -headerpad_max_install_names -v CMakeFiles/cmTC_2c576.dir/CMakeCCompilerABI.c.o -lSystem /Library/Developer/CommandLineTools/usr/lib/clang/13.0.0/lib/darwin/libclang_rt.osx.a]
    arg [/Library/Developer/CommandLineTools/usr/bin/ld] ==> ignore
    arg [-demangle] ==> ignore
    arg [-lto_library] ==> ignore, skip following value
    arg [/Library/Developer/CommandLineTools/usr/lib/libLTO.dylib] ==> skip value of -lto_library
    arg [-dynamic] ==> ignore
    arg [-arch] ==> ignore
    arg [arm64] ==> ignore
    arg [-platform_version] ==> ignore
    arg [macos] ==> ignore
    arg [12.0.0] ==> ignore
    arg [12.1] ==> ignore
    arg [-syslibroot] ==> ignore
    arg [/Library/Developer/CommandLineTools/SDKs/MacOSX12.1.sdk] ==> ignore
    arg [-o] ==> ignore
    arg [cmTC_2c576] ==> ignore
    arg [-search_paths_first] ==> ignore
    arg [-headerpad_max_install_names] ==> ignore
    arg [-v] ==> ignore
    arg [CMakeFiles/cmTC_2c576.dir/CMakeCCompilerABI.c.o] ==> ignore
    arg [-lSystem] ==> lib [System]
    arg [/Library/Developer/CommandLineTools/usr/lib/clang/13.0.0/lib/darwin/libclang_rt.osx.a] ==> lib [/Library/Developer/CommandLineTools/usr/lib/clang/13.0.0/lib/darwin/libclang_rt.osx.a]
  Library search paths: [;/Library/Developer/CommandLineTools/SDKs/MacOSX12.1.sdk/usr/lib]
  Framework search paths: [;/Library/Developer/CommandLineTools/SDKs/MacOSX12.1.sdk/System/Library/Frameworks/]
  remove lib [System]
  remove lib [/Library/Developer/CommandLineTools/usr/lib/clang/13.0.0/lib/darwin/libclang_rt.osx.a]
  collapse library dir [/Library/Developer/CommandLineTools/SDKs/MacOSX12.1.sdk/usr/lib] ==> [/Library/Developer/CommandLineTools/SDKs/MacOSX12.1.sdk/usr/lib]
  collapse framework dir [/Library/Developer/CommandLineTools/SDKs/MacOSX12.1.sdk/System/Library/Frameworks/] ==> [/Library/Developer/CommandLineTools/SDKs/MacOSX12.1.sdk/System/Library/Frameworks]
  implicit libs: []
  implicit objs: []
  implicit dirs: [/Library/Developer/CommandLineTools/SDKs/MacOSX12.1.sdk/usr/lib]
  implicit fwks: [/Library/Developer/CommandLineTools/SDKs/MacOSX12.1.sdk/System/Library/Frameworks]


Determining if the posix_memalign exist passed with the following output:
Change Dir: /Users/kshitiz2000/desktop/pythonpro/opencv-4.5.0/build/CMakeFiles/CMakeTmp

Run Build Command(s):/usr/bin/make -f Makefile cmTC_559bb/fast && /Library/Developer/CommandLineTools/usr/bin/make  -f CMakeFiles/cmTC_559bb.dir/build.make CMakeFiles/cmTC_559bb.dir/build
Building C object CMakeFiles/cmTC_559bb.dir/CheckSymbolExists.c.o
/Library/Developer/CommandLineTools/usr/bin/cc   -fsigned-char -W -Wall -Werror=return-type -Werror=non-virtual-dtor -Werror=address -Werror=sequence-point -Wformat -Werror=format-security -Wmissing-declarations -Wmissing-prototypes -Wstrict-prototypes -Wundef -Winit-self -Wpointer-arith -Wshadow -Wsign-promo -Wuninitialized -Winit-self -Wno-delete-non-virtual-dtor -Wno-unnamed-type-template-args -Wno-comment -Wno-deprecated-enum-enum-conversion -Wno-deprecated-anon-enum-enum-conversion -fdiagnostics-show-option -Qunused-arguments -Wno-semicolon-before-method-body -ffunction-sections -fdata-sections    -fvisibility=hidden -fvisibility-inlines-hidden  -O3 -DNDEBUG  -DNDEBUG -arch arm64 -isysroot /Library/Developer/CommandLineTools/SDKs/MacOSX12.1.sdk -fPIE -MD -MT CMakeFiles/cmTC_559bb.dir/CheckSymbolExists.c.o -MF CMakeFiles/cmTC_559bb.dir/CheckSymbolExists.c.o.d -o CMakeFiles/cmTC_559bb.dir/CheckSymbolExists.c.o -c /Users/kshitiz2000/desktop/pythonpro/opencv-4.5.0/build/CMakeFiles/CMakeTmp/CheckSymbolExists.c
Linking C executable cmTC_559bb
/opt/homebrew/Cellar/cmake/3.22.2/bin/cmake -E cmake_link_script CMakeFiles/cmTC_559bb.dir/link.txt --verbose=1
/Library/Developer/CommandLineTools/usr/bin/cc    -fsigned-char -W -Wall -Werror=return-type -Werror=non-virtual-dtor -Werror=address -Werror=sequence-point -Wformat -Werror=format-security -Wmissing-declarations -Wmissing-prototypes -Wstrict-prototypes -Wundef -Winit-self -Wpointer-arith -Wshadow -Wsign-promo -Wuninitialized -Winit-self -Wno-delete-non-virtual-dtor -Wno-unnamed-type-template-args -Wno-comment -Wno-deprecated-enum-enum-conversion -Wno-deprecated-anon-enum-enum-conversion -fdiagnostics-show-option -Qunused-arguments -Wno-semicolon-before-method-body -ffunction-sections -fdata-sections    -fvisibility=hidden -fvisibility-inlines-hidden  -O3 -DNDEBUG  -DNDEBUG -arch arm64 -isysroot /Library/Developer/CommandLineTools/SDKs/MacOSX12.1.sdk -Wl,-search_paths_first -Wl,-headerpad_max_install_names   -Wl,-dead_strip  CMakeFiles/cmTC_559bb.dir/CheckSymbolExists.c.o -o cmTC_559bb 


File /Users/kshitiz2000/desktop/pythonpro/opencv-4.5.0/build/CMakeFiles/CMakeTmp/CheckSymbolExists.c:
/* */
#include <stdlib.h>

int main(int argc, char** argv)
{
  (void)argv;
#ifndef posix_memalign
  return ((int*)(&posix_memalign))[argc];
#else
  (void)argc;
  return 0;
#endif
}
Determining if the function fseeko exists passed with the following output:
Change Dir: /Users/kshitiz2000/desktop/pythonpro/opencv-4.5.0/build/CMakeFiles/CMakeTmp

Run Build Command(s):/usr/bin/make -f Makefile cmTC_e54e4/fast && /Library/Developer/CommandLineTools/usr/bin/make  -f CMakeFiles/cmTC_e54e4.dir/build.make CMakeFiles/cmTC_e54e4.dir/build
Building C object CMakeFiles/cmTC_e54e4.dir/CheckFunctionExists.c.o
/Library/Developer/CommandLineTools/usr/bin/cc   -fsigned-char -W -Wall -Werror=return-type -Werror=non-virtual-dtor -Werror=address -Werror=sequence-point -Wformat -Werror=format-security -Wmissing-declarations -Wmissing-prototypes -Wstrict-prototypes -Wundef -Winit-self -Wpointer-arith -Wshadow -Wsign-promo -Wuninitialized -Winit-self -Wno-delete-non-virtual-dtor -Wno-unnamed-type-template-args -Wno-comment -Wno-deprecated-enum-enum-conversion -Wno-deprecated-anon-enum-enum-conversion -fdiagnostics-show-option -Qunused-arguments -Wno-semicolon-before-method-body -ffunction-sections -fdata-sections    -fvisibility=hidden -fvisibility-inlines-hidden -DCHECK_FUNCTION_EXISTS=fseeko -O3 -DNDEBUG  -DNDEBUG -arch arm64 -isysroot /Library/Developer/CommandLineTools/SDKs/MacOSX12.1.sdk -fPIE -MD -MT CMakeFiles/cmTC_e54e4.dir/CheckFunctionExists.c.o -MF CMakeFiles/cmTC_e54e4.dir/CheckFunctionExists.c.o.d -o CMakeFiles/cmTC_e54e4.dir/CheckFunctionExists.c.o -c /opt/homebrew/Cellar/cmake/3.22.2/share/cmake/Modules/CheckFunctionExists.c
Linking C executable cmTC_e54e4
/opt/homebrew/Cellar/cmake/3.22.2/bin/cmake -E cmake_link_script CMakeFiles/cmTC_e54e4.dir/link.txt --verbose=1
/Library/Developer/CommandLineTools/usr/bin/cc    -fsigned-char -W -Wall -Werror=return-type -Werror=non-virtual-dtor -Werror=address -Werror=sequence-point -Wformat -Werror=format-security -Wmissing-declarations -Wmissing-prototypes -Wstrict-prototypes -Wundef -Winit-self -Wpointer-arith -Wshadow -Wsign-promo -Wuninitialized -Winit-self -Wno-delete-non-virtual-dtor -Wno-unnamed-type-template-args -Wno-comment -Wno-deprecated-enum-enum-conversion -Wno-deprecated-anon-enum-enum-conversion -fdiagnostics-show-option -Qunused-arguments -Wno-semicolon-before-method-body -ffunction-sections -fdata-sections    -fvisibility=hidden -fvisibility-inlines-hidden -DCHECK_FUNCTION_EXISTS=fseeko -O3 -DNDEBUG  -DNDEBUG -arch arm64 -isysroot /Library/Developer/CommandLineTools/SDKs/MacOSX12.1.sdk -Wl,-search_paths_first -Wl,-headerpad_max_install_names   -Wl,-dead_strip  CMakeFiles/cmTC_e54e4.dir/CheckFunctionExists.c.o -o cmTC_e54e4 



Determining if the include file unistd.h exists passed with the following output:
Change Dir: /Users/kshitiz2000/desktop/pythonpro/opencv-4.5.0/build/CMakeFiles/CMakeTmp

Run Build Command(s):/usr/bin/make -f Makefile cmTC_8f233/fast && /Library/Developer/CommandLineTools/usr/bin/make  -f CMakeFiles/cmTC_8f233.dir/build.make CMakeFiles/cmTC_8f233.dir/build
Building C object CMakeFiles/cmTC_8f233.dir/CheckIncludeFile.c.o
/Library/Developer/CommandLineTools/usr/bin/cc   -fsigned-char -W -Wall -Werror=return-type -Werror=non-virtual-dtor -Werror=address -Werror=sequence-point -Wformat -Werror=format-security -Wmissing-declarations -Wmissing-prototypes -Wstrict-prototypes -Wundef -Winit-self -Wpointer-arith -Wshadow -Wsign-promo -Wuninitialized -Winit-self -Wno-delete-non-virtual-dtor -Wno-unnamed-type-template-args -Wno-comment -Wno-deprecated-enum-enum-conversion -Wno-deprecated-anon-enum-enum-conversion -fdiagnostics-show-option -Qunused-arguments -Wno-semicolon-before-method-body -ffunction-sections -fdata-sections    -fvisibility=hidden -fvisibility-inlines-hidden  -O3 -DNDEBUG  -DNDEBUG -arch arm64 -isysroot /Library/Developer/CommandLineTools/SDKs/MacOSX12.1.sdk -fPIE -MD -MT CMakeFiles/cmTC_8f233.dir/CheckIncludeFile.c.o -MF CMakeFiles/cmTC_8f233.dir/CheckIncludeFile.c.o.d -o CMakeFiles/cmTC_8f233.dir/CheckIncludeFile.c.o -c /Users/kshitiz2000/desktop/pythonpro/opencv-4.5.0/build/CMakeFiles/CMakeTmp/CheckIncludeFile.c
Linking C executable cmTC_8f233
/opt/homebrew/Cellar/cmake/3.22.2/bin/cmake -E cmake_link_script CMakeFiles/cmTC_8f233.dir/link.txt --verbose=1
/Library/Developer/CommandLineTools/usr/bin/cc    -fsigned-char -W -Wall -Werror=return-type -Werror=non-virtual-dtor -Werror=address -Werror=sequence-point -Wformat -Werror=format-security -Wmissing-declarations -Wmissing-prototypes -Wstrict-prototypes -Wundef -Winit-self -Wpointer-arith -Wshadow -Wsign-promo -Wuninitialized -Winit-self -Wno-delete-non-virtual-dtor -Wno-unnamed-type-template-args -Wno-comment -Wno-deprecated-enum-enum-conversion -Wno-deprecated-anon-enum-enum-conversion -fdiagnostics-show-option -Qunused-arguments -Wno-semicolon-before-method-body -ffunction-sections -fdata-sections    -fvisibility=hidden -fvisibility-inlines-hidden  -O3 -DNDEBUG  -DNDEBUG -arch arm64 -isysroot /Library/Developer/CommandLineTools/SDKs/MacOSX12.1.sdk -Wl,-search_paths_first -Wl,-headerpad_max_install_names   -Wl,-dead_strip  CMakeFiles/cmTC_8f233.dir/CheckIncludeFile.c.o -o cmTC_8f233 



Determining if the include file sys/types.h exists passed with the following output:
Change Dir: /Users/kshitiz2000/desktop/pythonpro/opencv-4.5.0/build/CMakeFiles/CMakeTmp

Run Build Command(s):/usr/bin/make -f Makefile cmTC_072de/fast && /Library/Developer/CommandLineTools/usr/bin/make  -f CMakeFiles/cmTC_072de.dir/build.make CMakeFiles/cmTC_072de.dir/build
Building C object CMakeFiles/cmTC_072de.dir/CheckIncludeFile.c.o
/Library/Developer/CommandLineTools/usr/bin/cc   -fsigned-char -W -Wall -Werror=return-type -Werror=non-virtual-dtor -Werror=address -Werror=sequence-point -Wformat -Werror=format-security -Wmissing-declarations -Wmissing-prototypes -Wstrict-prototypes -Wundef -Winit-self -Wpointer-arith -Wshadow -Wsign-promo -Wuninitialized -Winit-self -Wno-delete-non-virtual-dtor -Wno-unnamed-type-template-args -Wno-comment -Wno-deprecated-enum-enum-conversion -Wno-deprecated-anon-enum-enum-conversion -fdiagnostics-show-option -Qunused-arguments -Wno-semicolon-before-method-body -ffunction-sections -fdata-sections    -fvisibility=hidden -fvisibility-inlines-hidden  -O3 -DNDEBUG  -DNDEBUG -arch arm64 -isysroot /Library/Developer/CommandLineTools/SDKs/MacOSX12.1.sdk -fPIE -MD -MT CMakeFiles/cmTC_072de.dir/CheckIncludeFile.c.o -MF CMakeFiles/cmTC_072de.dir/CheckIncludeFile.c.o.d -o CMakeFiles/cmTC_072de.dir/CheckIncludeFile.c.o -c /Users/kshitiz2000/desktop/pythonpro/opencv-4.5.0/build/CMakeFiles/CMakeTmp/CheckIncludeFile.c
Linking C executable cmTC_072de
/opt/homebrew/Cellar/cmake/3.22.2/bin/cmake -E cmake_link_script CMakeFiles/cmTC_072de.dir/link.txt --verbose=1
/Library/Developer/CommandLineTools/usr/bin/cc    -fsigned-char -W -Wall -Werror=return-type -Werror=non-virtual-dtor -Werror=address -Werror=sequence-point -Wformat -Werror=format-security -Wmissing-declarations -Wmissing-prototypes -Wstrict-prototypes -Wundef -Winit-self -Wpointer-arith -Wshadow -Wsign-promo -Wuninitialized -Winit-self -Wno-delete-non-virtual-dtor -Wno-unnamed-type-template-args -Wno-comment -Wno-deprecated-enum-enum-conversion -Wno-deprecated-anon-enum-enum-conversion -fdiagnostics-show-option -Qunused-arguments -Wno-semicolon-before-method-body -ffunction-sections -fdata-sections    -fvisibility=hidden -fvisibility-inlines-hidden  -O3 -DNDEBUG  -DNDEBUG -arch arm64 -isysroot /Library/Developer/CommandLineTools/SDKs/MacOSX12.1.sdk -Wl,-search_paths_first -Wl,-headerpad_max_install_names   -Wl,-dead_strip  CMakeFiles/cmTC_072de.dir/CheckIncludeFile.c.o -o cmTC_072de 



Determining if the include file stdint.h exists passed with the following output:
Change Dir: /Users/kshitiz2000/desktop/pythonpro/opencv-4.5.0/build/CMakeFiles/CMakeTmp

Run Build Command(s):/usr/bin/make -f Makefile cmTC_0a8db/fast && /Library/Developer/CommandLineTools/usr/bin/make  -f CMakeFiles/cmTC_0a8db.dir/build.make CMakeFiles/cmTC_0a8db.dir/build
Building C object CMakeFiles/cmTC_0a8db.dir/CheckIncludeFile.c.o
/Library/Developer/CommandLineTools/usr/bin/cc   -fsigned-char -W -Wall -Werror=return-type -Werror=non-virtual-dtor -Werror=address -Werror=sequence-point -Wformat -Werror=format-security -Wmissing-declarations -Wmissing-prototypes -Wstrict-prototypes -Wundef -Winit-self -Wpointer-arith -Wshadow -Wsign-promo -Wuninitialized -Winit-self -Wno-delete-non-virtual-dtor -Wno-unnamed-type-template-args -Wno-comment -Wno-deprecated-enum-enum-conversion -Wno-deprecated-anon-enum-enum-conversion -fdiagnostics-show-option -Qunused-arguments -Wno-semicolon-before-method-body -ffunction-sections -fdata-sections    -fvisibility=hidden -fvisibility-inlines-hidden  -O3 -DNDEBUG  -DNDEBUG -arch arm64 -isysroot /Library/Developer/CommandLineTools/SDKs/MacOSX12.1.sdk -fPIE -MD -MT CMakeFiles/cmTC_0a8db.dir/CheckIncludeFile.c.o -MF CMakeFiles/cmTC_0a8db.dir/CheckIncludeFile.c.o.d -o CMakeFiles/cmTC_0a8db.dir/CheckIncludeFile.c.o -c /Users/kshitiz2000/desktop/pythonpro/opencv-4.5.0/build/CMakeFiles/CMakeTmp/CheckIncludeFile.c
Linking C executable cmTC_0a8db
/opt/homebrew/Cellar/cmake/3.22.2/bin/cmake -E cmake_link_script CMakeFiles/cmTC_0a8db.dir/link.txt --verbose=1
/Library/Developer/CommandLineTools/usr/bin/cc    -fsigned-char -W -Wall -Werror=return-type -Werror=non-virtual-dtor -Werror=address -Werror=sequence-point -Wformat -Werror=format-security -Wmissing-declarations -Wmissing-prototypes -Wstrict-prototypes -Wundef -Winit-self -Wpointer-arith -Wshadow -Wsign-promo -Wuninitialized -Winit-self -Wno-delete-non-virtual-dtor -Wno-unnamed-type-template-args -Wno-comment -Wno-deprecated-enum-enum-conversion -Wno-deprecated-anon-enum-enum-conversion -fdiagnostics-show-option -Qunused-arguments -Wno-semicolon-before-method-body -ffunction-sections -fdata-sections    -fvisibility=hidden -fvisibility-inlines-hidden  -O3 -DNDEBUG  -DNDEBUG -arch arm64 -isysroot /Library/Developer/CommandLineTools/SDKs/MacOSX12.1.sdk -Wl,-search_paths_first -Wl,-headerpad_max_install_names   -Wl,-dead_strip  CMakeFiles/cmTC_0a8db.dir/CheckIncludeFile.c.o -o cmTC_0a8db 



Determining if the include file stddef.h exists passed with the following output:
Change Dir: /Users/kshitiz2000/desktop/pythonpro/opencv-4.5.0/build/CMakeFiles/CMakeTmp

Run Build Command(s):/usr/bin/make -f Makefile cmTC_a146b/fast && /Library/Developer/CommandLineTools/usr/bin/make  -f CMakeFiles/cmTC_a146b.dir/build.make CMakeFiles/cmTC_a146b.dir/build
Building C object CMakeFiles/cmTC_a146b.dir/CheckIncludeFile.c.o
/Library/Developer/CommandLineTools/usr/bin/cc   -fsigned-char -W -Wall -Werror=return-type -Werror=non-virtual-dtor -Werror=address -Werror=sequence-point -Wformat -Werror=format-security -Wmissing-declarations -Wmissing-prototypes -Wstrict-prototypes -Wundef -Winit-self -Wpointer-arith -Wshadow -Wsign-promo -Wuninitialized -Winit-self -Wno-delete-non-virtual-dtor -Wno-unnamed-type-template-args -Wno-comment -Wno-deprecated-enum-enum-conversion -Wno-deprecated-anon-enum-enum-conversion -fdiagnostics-show-option -Qunused-arguments -Wno-semicolon-before-method-body -ffunction-sections -fdata-sections    -fvisibility=hidden -fvisibility-inlines-hidden  -O3 -DNDEBUG  -DNDEBUG -arch arm64 -isysroot /Library/Developer/CommandLineTools/SDKs/MacOSX12.1.sdk -fPIE -MD -MT CMakeFiles/cmTC_a146b.dir/CheckIncludeFile.c.o -MF CMakeFiles/cmTC_a146b.dir/CheckIncludeFile.c.o.d -o CMakeFiles/cmTC_a146b.dir/CheckIncludeFile.c.o -c /Users/kshitiz2000/desktop/pythonpro/opencv-4.5.0/build/CMakeFiles/CMakeTmp/CheckIncludeFile.c
Linking C executable cmTC_a146b
/opt/homebrew/Cellar/cmake/3.22.2/bin/cmake -E cmake_link_script CMakeFiles/cmTC_a146b.dir/link.txt --verbose=1
/Library/Developer/CommandLineTools/usr/bin/cc    -fsigned-char -W -Wall -Werror=return-type -Werror=non-virtual-dtor -Werror=address -Werror=sequence-point -Wformat -Werror=format-security -Wmissing-declarations -Wmissing-prototypes -Wstrict-prototypes -Wundef -Winit-self -Wpointer-arith -Wshadow -Wsign-promo -Wuninitialized -Winit-self -Wno-delete-non-virtual-dtor -Wno-unnamed-type-template-args -Wno-comment -Wno-deprecated-enum-enum-conversion -Wno-deprecated-anon-enum-enum-conversion -fdiagnostics-show-option -Qunused-arguments -Wno-semicolon-before-method-body -ffunction-sections -fdata-sections    -fvisibility=hidden -fvisibility-inlines-hidden  -O3 -DNDEBUG  -DNDEBUG -arch arm64 -isysroot /Library/Developer/CommandLineTools/SDKs/MacOSX12.1.sdk -Wl,-search_paths_first -Wl,-headerpad_max_install_names   -Wl,-dead_strip  CMakeFiles/cmTC_a146b.dir/CheckIncludeFile.c.o -o cmTC_a146b 



Determining size of size_t passed with the following output:
Change Dir: /Users/kshitiz2000/desktop/pythonpro/opencv-4.5.0/build/CMakeFiles/CMakeTmp

Run Build Command(s):/usr/bin/make -f Makefile cmTC_cd678/fast && /Library/Developer/CommandLineTools/usr/bin/make  -f CMakeFiles/cmTC_cd678.dir/build.make CMakeFiles/cmTC_cd678.dir/build
Building C object CMakeFiles/cmTC_cd678.dir/SIZEOF_SIZE_T.c.o
/Library/Developer/CommandLineTools/usr/bin/cc   -fsigned-char -W -Wall -Werror=return-type -Werror=non-virtual-dtor -Werror=address -Werror=sequence-point -Wformat -Werror=format-security -Wmissing-declarations -Wmissing-prototypes -Wstrict-prototypes -Wundef -Winit-self -Wpointer-arith -Wshadow -Wsign-promo -Wuninitialized -Winit-self -Wno-delete-non-virtual-dtor -Wno-unnamed-type-template-args -Wno-comment -Wno-deprecated-enum-enum-conversion -Wno-deprecated-anon-enum-enum-conversion -fdiagnostics-show-option -Qunused-arguments -Wno-semicolon-before-method-body -ffunction-sections -fdata-sections    -fvisibility=hidden -fvisibility-inlines-hidden -Wno-unused-parameter -Wno-sign-compare -Wno-shorten-64-to-32 -Wno-implicit-fallthrough  -O3 -DNDEBUG  -DNDEBUG -arch arm64 -isysroot /Library/Developer/CommandLineTools/SDKs/MacOSX12.1.sdk -fPIE -MD -MT CMakeFiles/cmTC_cd678.dir/SIZEOF_SIZE_T.c.o -MF CMakeFiles/cmTC_cd678.dir/SIZEOF_SIZE_T.c.o.d -o CMakeFiles/cmTC_cd678.dir/SIZEOF_SIZE_T.c.o -c /Users/kshitiz2000/desktop/pythonpro/opencv-4.5.0/build/CMakeFiles/CheckTypeSize/SIZEOF_SIZE_T.c
Linking C executable cmTC_cd678
/opt/homebrew/Cellar/cmake/3.22.2/bin/cmake -E cmake_link_script CMakeFiles/cmTC_cd678.dir/link.txt --verbose=1
/Library/Developer/CommandLineTools/usr/bin/cc    -fsigned-char -W -Wall -Werror=return-type -Werror=non-virtual-dtor -Werror=address -Werror=sequence-point -Wformat -Werror=format-security -Wmissing-declarations -Wmissing-prototypes -Wstrict-prototypes -Wundef -Winit-self -Wpointer-arith -Wshadow -Wsign-promo -Wuninitialized -Winit-self -Wno-delete-non-virtual-dtor -Wno-unnamed-type-template-args -Wno-comment -Wno-deprecated-enum-enum-conversion -Wno-deprecated-anon-enum-enum-conversion -fdiagnostics-show-option -Qunused-arguments -Wno-semicolon-before-method-body -ffunction-sections -fdata-sections    -fvisibility=hidden -fvisibility-inlines-hidden -Wno-unused-parameter -Wno-sign-compare -Wno-shorten-64-to-32 -Wno-implicit-fallthrough  -O3 -DNDEBUG  -DNDEBUG -arch arm64 -isysroot /Library/Developer/CommandLineTools/SDKs/MacOSX12.1.sdk -Wl,-search_paths_first -Wl,-headerpad_max_install_names   -Wl,-dead_strip  CMakeFiles/cmTC_cd678.dir/SIZEOF_SIZE_T.c.o -o cmTC_cd678 



Determining size of unsigned long passed with the following output:
Change Dir: /Users/kshitiz2000/desktop/pythonpro/opencv-4.5.0/build/CMakeFiles/CMakeTmp

Run Build Command(s):/usr/bin/make -f Makefile cmTC_63a34/fast && /Library/Developer/CommandLineTools/usr/bin/make  -f CMakeFiles/cmTC_63a34.dir/build.make CMakeFiles/cmTC_63a34.dir/build
Building C object CMakeFiles/cmTC_63a34.dir/SIZEOF_UNSIGNED_LONG.c.o
/Library/Developer/CommandLineTools/usr/bin/cc   -fsigned-char -W -Wall -Werror=return-type -Werror=non-virtual-dtor -Werror=address -Werror=sequence-point -Wformat -Werror=format-security -Wmissing-declarations -Wmissing-prototypes -Wstrict-prototypes -Wundef -Winit-self -Wpointer-arith -Wshadow -Wsign-promo -Wuninitialized -Winit-self -Wno-delete-non-virtual-dtor -Wno-unnamed-type-template-args -Wno-comment -Wno-deprecated-enum-enum-conversion -Wno-deprecated-anon-enum-enum-conversion -fdiagnostics-show-option -Qunused-arguments -Wno-semicolon-before-method-body -ffunction-sections -fdata-sections    -fvisibility=hidden -fvisibility-inlines-hidden -Wno-unused-parameter -Wno-sign-compare -Wno-shorten-64-to-32 -Wno-implicit-fallthrough  -O3 -DNDEBUG  -DNDEBUG -arch arm64 -isysroot /Library/Developer/CommandLineTools/SDKs/MacOSX12.1.sdk -fPIE -MD -MT CMakeFiles/cmTC_63a34.dir/SIZEOF_UNSIGNED_LONG.c.o -MF CMakeFiles/cmTC_63a34.dir/SIZEOF_UNSIGNED_LONG.c.o.d -o CMakeFiles/cmTC_63a34.dir/SIZEOF_UNSIGNED_LONG.c.o -c /Users/kshitiz2000/desktop/pythonpro/opencv-4.5.0/build/CMakeFiles/CheckTypeSize/SIZEOF_UNSIGNED_LONG.c
Linking C executable cmTC_63a34
/opt/homebrew/Cellar/cmake/3.22.2/bin/cmake -E cmake_link_script CMakeFiles/cmTC_63a34.dir/link.txt --verbose=1
/Library/Developer/CommandLineTools/usr/bin/cc    -fsigned-char -W -Wall -Werror=return-type -Werror=non-virtual-dtor -Werror=address -Werror=sequence-point -Wformat -Werror=format-security -Wmissing-declarations -Wmissing-prototypes -Wstrict-prototypes -Wundef -Winit-self -Wpointer-arith -Wshadow -Wsign-promo -Wuninitialized -Winit-self -Wno-delete-non-virtual-dtor -Wno-unnamed-type-template-args -Wno-comment -Wno-deprecated-enum-enum-conversion -Wno-deprecated-anon-enum-enum-conversion -fdiagnostics-show-option -Qunused-arguments -Wno-semicolon-before-method-body -ffunction-sections -fdata-sections    -fvisibility=hidden -fvisibility-inlines-hidden -Wno-unused-parameter -Wno-sign-compare -Wno-shorten-64-to-32 -Wno-implicit-fallthrough  -O3 -DNDEBUG  -DNDEBUG -arch arm64 -isysroot /Library/Developer/CommandLineTools/SDKs/MacOSX12.1.sdk -Wl,-search_paths_first -Wl,-headerpad_max_install_names   -Wl,-dead_strip  CMakeFiles/cmTC_63a34.dir/SIZEOF_UNSIGNED_LONG.c.o -o cmTC_63a34 



Performing C SOURCE FILE Test HAVE_BUILTIN_CTZL succeeded with the following output:
Change Dir: /Users/kshitiz2000/desktop/pythonpro/opencv-4.5.0/build/CMakeFiles/CMakeTmp

Run Build Command(s):/usr/bin/make -f Makefile cmTC_5ff13/fast && /Library/Developer/CommandLineTools/usr/bin/make  -f CMakeFiles/cmTC_5ff13.dir/build.make CMakeFiles/cmTC_5ff13.dir/build
Building C object CMakeFiles/cmTC_5ff13.dir/src.c.o
/Library/Developer/CommandLineTools/usr/bin/cc -DHAVE_BUILTIN_CTZL  -fsigned-char -W -Wall -Werror=return-type -Werror=non-virtual-dtor -Werror=address -Werror=sequence-point -Wformat -Werror=format-security -Wmissing-declarations -Wmissing-prototypes -Wstrict-prototypes -Wundef -Winit-self -Wpointer-arith -Wshadow -Wsign-promo -Wuninitialized -Winit-self -Wno-delete-non-virtual-dtor -Wno-unnamed-type-template-args -Wno-comment -Wno-deprecated-enum-enum-conversion -Wno-deprecated-anon-enum-enum-conversion -fdiagnostics-show-option -Qunused-arguments -Wno-semicolon-before-method-body -ffunction-sections -fdata-sections    -fvisibility=hidden -fvisibility-inlines-hidden -Wno-unused-parameter -Wno-sign-compare -Wno-shorten-64-to-32 -Wno-implicit-fallthrough  -O3 -DNDEBUG  -DNDEBUG -arch arm64 -isysroot /Library/Developer/CommandLineTools/SDKs/MacOSX12.1.sdk -fPIE -MD -MT CMakeFiles/cmTC_5ff13.dir/src.c.o -MF CMakeFiles/cmTC_5ff13.dir/src.c.o.d -o CMakeFiles/cmTC_5ff13.dir/src.c.o -c /Users/kshitiz2000/desktop/pythonpro/opencv-4.5.0/build/CMakeFiles/CMakeTmp/src.c
Linking C executable cmTC_5ff13
/opt/homebrew/Cellar/cmake/3.22.2/bin/cmake -E cmake_link_script CMakeFiles/cmTC_5ff13.dir/link.txt --verbose=1
/Library/Developer/CommandLineTools/usr/bin/cc    -fsigned-char -W -Wall -Werror=return-type -Werror=non-virtual-dtor -Werror=address -Werror=sequence-point -Wformat -Werror=format-security -Wmissing-declarations -Wmissing-prototypes -Wstrict-prototypes -Wundef -Winit-self -Wpointer-arith -Wshadow -Wsign-promo -Wuninitialized -Winit-self -Wno-delete-non-virtual-dtor -Wno-unnamed-type-template-args -Wno-comment -Wno-deprecated-enum-enum-conversion -Wno-deprecated-anon-enum-enum-conversion -fdiagnostics-show-option -Qunused-arguments -Wno-semicolon-before-method-body -ffunction-sections -fdata-sections    -fvisibility=hidden -fvisibility-inlines-hidden -Wno-unused-parameter -Wno-sign-compare -Wno-shorten-64-to-32 -Wno-implicit-fallthrough  -O3 -DNDEBUG  -DNDEBUG -arch arm64 -isysroot /Library/Developer/CommandLineTools/SDKs/MacOSX12.1.sdk -Wl,-search_paths_first -Wl,-headerpad_max_install_names   -Wl,-dead_strip  CMakeFiles/cmTC_5ff13.dir/src.c.o -o cmTC_5ff13 


Source file was:
int main(int argc, char **argv) { unsigned long a = argc;  return __builtin_ctzl(a); }
Determining if files locale.h exist passed with the following output:
Change Dir: /Users/kshitiz2000/desktop/pythonpro/opencv-4.5.0/build/CMakeFiles/CMakeTmp

Run Build Command(s):/usr/bin/make -f Makefile cmTC_deccb/fast && /Library/Developer/CommandLineTools/usr/bin/make  -f CMakeFiles/cmTC_deccb.dir/build.make CMakeFiles/cmTC_deccb.dir/build
Building C object CMakeFiles/cmTC_deccb.dir/HAVE_LOCALE_H.c.o
/Library/Developer/CommandLineTools/usr/bin/cc   -fsigned-char -W -Wall -Werror=return-type -Werror=non-virtual-dtor -Werror=address -Werror=sequence-point -Wformat -Werror=format-security -Wmissing-declarations -Wmissing-prototypes -Wstrict-prototypes -Wundef -Winit-self -Wpointer-arith -Wshadow -Wsign-promo -Wuninitialized -Winit-self -Wno-delete-non-virtual-dtor -Wno-unnamed-type-template-args -Wno-comment -Wno-deprecated-enum-enum-conversion -Wno-deprecated-anon-enum-enum-conversion -fdiagnostics-show-option -Qunused-arguments -Wno-semicolon-before-method-body -ffunction-sections -fdata-sections    -fvisibility=hidden -fvisibility-inlines-hidden -Wno-unused-parameter -Wno-sign-compare -Wno-shorten-64-to-32 -Wno-implicit-fallthrough  -O3 -DNDEBUG  -DNDEBUG -arch arm64 -isysroot /Library/Developer/CommandLineTools/SDKs/MacOSX12.1.sdk -fPIE -MD -MT CMakeFiles/cmTC_deccb.dir/HAVE_LOCALE_H.c.o -MF CMakeFiles/cmTC_deccb.dir/HAVE_LOCALE_H.c.o.d -o CMakeFiles/cmTC_deccb.dir/HAVE_LOCALE_H.c.o -c /Users/kshitiz2000/desktop/pythonpro/opencv-4.5.0/build/CMakeFiles/CheckIncludeFiles/HAVE_LOCALE_H.c
Linking C executable cmTC_deccb
/opt/homebrew/Cellar/cmake/3.22.2/bin/cmake -E cmake_link_script CMakeFiles/cmTC_deccb.dir/link.txt --verbose=1
/Library/Developer/CommandLineTools/usr/bin/cc    -fsigned-char -W -Wall -Werror=return-type -Werror=non-virtual-dtor -Werror=address -Werror=sequence-point -Wformat -Werror=format-security -Wmissing-declarations -Wmissing-prototypes -Wstrict-prototypes -Wundef -Winit-self -Wpointer-arith -Wshadow -Wsign-promo -Wuninitialized -Winit-self -Wno-delete-non-virtual-dtor -Wno-unnamed-type-template-args -Wno-comment -Wno-deprecated-enum-enum-conversion -Wno-deprecated-anon-enum-enum-conversion -fdiagnostics-show-option -Qunused-arguments -Wno-semicolon-before-method-body -ffunction-sections -fdata-sections    -fvisibility=hidden -fvisibility-inlines-hidden -Wno-unused-parameter -Wno-sign-compare -Wno-shorten-64-to-32 -Wno-implicit-fallthrough  -O3 -DNDEBUG  -DNDEBUG -arch arm64 -isysroot /Library/Developer/CommandLineTools/SDKs/MacOSX12.1.sdk -Wl,-search_paths_first -Wl,-headerpad_max_install_names   -Wl,-dead_strip  CMakeFiles/cmTC_deccb.dir/HAVE_LOCALE_H.c.o -o cmTC_deccb 



Determining if files stdlib.h exist passed with the following output:
Change Dir: /Users/kshitiz2000/desktop/pythonpro/opencv-4.5.0/build/CMakeFiles/CMakeTmp

Run Build Command(s):/usr/bin/make -f Makefile cmTC_1b128/fast && /Library/Developer/CommandLineTools/usr/bin/make  -f CMakeFiles/cmTC_1b128.dir/build.make CMakeFiles/cmTC_1b128.dir/build
Building C object CMakeFiles/cmTC_1b128.dir/HAVE_STDLIB_H.c.o
/Library/Developer/CommandLineTools/usr/bin/cc   -fsigned-char -W -Wall -Werror=return-type -Werror=non-virtual-dtor -Werror=address -Werror=sequence-point -Wformat -Werror=format-security -Wmissing-declarations -Wmissing-prototypes -Wstrict-prototypes -Wundef -Winit-self -Wpointer-arith -Wshadow -Wsign-promo -Wuninitialized -Winit-self -Wno-delete-non-virtual-dtor -Wno-unnamed-type-template-args -Wno-comment -Wno-deprecated-enum-enum-conversion -Wno-deprecated-anon-enum-enum-conversion -fdiagnostics-show-option -Qunused-arguments -Wno-semicolon-before-method-body -ffunction-sections -fdata-sections    -fvisibility=hidden -fvisibility-inlines-hidden -Wno-unused-parameter -Wno-sign-compare -Wno-shorten-64-to-32 -Wno-implicit-fallthrough  -O3 -DNDEBUG  -DNDEBUG -arch arm64 -isysroot /Library/Developer/CommandLineTools/SDKs/MacOSX12.1.sdk -fPIE -MD -MT CMakeFiles/cmTC_1b128.dir/HAVE_STDLIB_H.c.o -MF CMakeFiles/cmTC_1b128.dir/HAVE_STDLIB_H.c.o.d -o CMakeFiles/cmTC_1b128.dir/HAVE_STDLIB_H.c.o -c /Users/kshitiz2000/desktop/pythonpro/opencv-4.5.0/build/CMakeFiles/CheckIncludeFiles/HAVE_STDLIB_H.c
Linking C executable cmTC_1b128
/opt/homebrew/Cellar/cmake/3.22.2/bin/cmake -E cmake_link_script CMakeFiles/cmTC_1b128.dir/link.txt --verbose=1
/Library/Developer/CommandLineTools/usr/bin/cc    -fsigned-char -W -Wall -Werror=return-type -Werror=non-virtual-dtor -Werror=address -Werror=sequence-point -Wformat -Werror=format-security -Wmissing-declarations -Wmissing-prototypes -Wstrict-prototypes -Wundef -Winit-self -Wpointer-arith -Wshadow -Wsign-promo -Wuninitialized -Winit-self -Wno-delete-non-virtual-dtor -Wno-unnamed-type-template-args -Wno-comment -Wno-deprecated-enum-enum-conversion -Wno-deprecated-anon-enum-enum-conversion -fdiagnostics-show-option -Qunused-arguments -Wno-semicolon-before-method-body -ffunction-sections -fdata-sections    -fvisibility=hidden -fvisibility-inlines-hidden -Wno-unused-parameter -Wno-sign-compare -Wno-shorten-64-to-32 -Wno-implicit-fallthrough  -O3 -DNDEBUG  -DNDEBUG -arch arm64 -isysroot /Library/Developer/CommandLineTools/SDKs/MacOSX12.1.sdk -Wl,-search_paths_first -Wl,-headerpad_max_install_names   -Wl,-dead_strip  CMakeFiles/cmTC_1b128.dir/HAVE_STDLIB_H.c.o -o cmTC_1b128 



Determining if files sys/types.h exist passed with the following output:
Change Dir: /Users/kshitiz2000/desktop/pythonpro/opencv-4.5.0/build/CMakeFiles/CMakeTmp

Run Build Command(s):/usr/bin/make -f Makefile cmTC_8fb8e/fast && /Library/Developer/CommandLineTools/usr/bin/make  -f CMakeFiles/cmTC_8fb8e.dir/build.make CMakeFiles/cmTC_8fb8e.dir/build
Building C object CMakeFiles/cmTC_8fb8e.dir/NEED_SYS_TYPES_H.c.o
/Library/Developer/CommandLineTools/usr/bin/cc   -fsigned-char -W -Wall -Werror=return-type -Werror=non-virtual-dtor -Werror=address -Werror=sequence-point -Wformat -Werror=format-security -Wmissing-declarations -Wmissing-prototypes -Wstrict-prototypes -Wundef -Winit-self -Wpointer-arith -Wshadow -Wsign-promo -Wuninitialized -Winit-self -Wno-delete-non-virtual-dtor -Wno-unnamed-type-template-args -Wno-comment -Wno-deprecated-enum-enum-conversion -Wno-deprecated-anon-enum-enum-conversion -fdiagnostics-show-option -Qunused-arguments -Wno-semicolon-before-method-body -ffunction-sections -fdata-sections    -fvisibility=hidden -fvisibility-inlines-hidden -Wno-unused-parameter -Wno-sign-compare -Wno-shorten-64-to-32 -Wno-implicit-fallthrough  -O3 -DNDEBUG  -DNDEBUG -arch arm64 -isysroot /Library/Developer/CommandLineTools/SDKs/MacOSX12.1.sdk -fPIE -MD -MT CMakeFiles/cmTC_8fb8e.dir/NEED_SYS_TYPES_H.c.o -MF CMakeFiles/cmTC_8fb8e.dir/NEED_SYS_TYPES_H.c.o.d -o CMakeFiles/cmTC_8fb8e.dir/NEED_SYS_TYPES_H.c.o -c /Users/kshitiz2000/desktop/pythonpro/opencv-4.5.0/build/CMakeFiles/CheckIncludeFiles/NEED_SYS_TYPES_H.c
Linking C executable cmTC_8fb8e
/opt/homebrew/Cellar/cmake/3.22.2/bin/cmake -E cmake_link_script CMakeFiles/cmTC_8fb8e.dir/link.txt --verbose=1
/Library/Developer/CommandLineTools/usr/bin/cc    -fsigned-char -W -Wall -Werror=return-type -Werror=non-virtual-dtor -Werror=address -Werror=sequence-point -Wformat -Werror=format-security -Wmissing-declarations -Wmissing-prototypes -Wstrict-prototypes -Wundef -Winit-self -Wpointer-arith -Wshadow -Wsign-promo -Wuninitialized -Winit-self -Wno-delete-non-virtual-dtor -Wno-unnamed-type-template-args -Wno-comment -Wno-deprecated-enum-enum-conversion -Wno-deprecated-anon-enum-enum-conversion -fdiagnostics-show-option -Qunused-arguments -Wno-semicolon-before-method-body -ffunction-sections -fdata-sections    -fvisibility=hidden -fvisibility-inlines-hidden -Wno-unused-parameter -Wno-sign-compare -Wno-shorten-64-to-32 -Wno-implicit-fallthrough  -O3 -DNDEBUG  -DNDEBUG -arch arm64 -isysroot /Library/Developer/CommandLineTools/SDKs/MacOSX12.1.sdk -Wl,-search_paths_first -Wl,-headerpad_max_install_names   -Wl,-dead_strip  CMakeFiles/cmTC_8fb8e.dir/NEED_SYS_TYPES_H.c.o -o cmTC_8fb8e 



Determining if the include file assert.h exists passed with the following output:
Change Dir: /Users/kshitiz2000/desktop/pythonpro/opencv-4.5.0/build/CMakeFiles/CMakeTmp

Run Build Command(s):/usr/bin/make -f Makefile cmTC_f3004/fast && /Library/Developer/CommandLineTools/usr/bin/make  -f CMakeFiles/cmTC_f3004.dir/build.make CMakeFiles/cmTC_f3004.dir/build
Building C object CMakeFiles/cmTC_f3004.dir/CheckIncludeFile.c.o
/Library/Developer/CommandLineTools/usr/bin/cc   -fsigned-char -W -Wall -Werror=return-type -Werror=non-virtual-dtor -Werror=address -Werror=sequence-point -Wformat -Werror=format-security -Wmissing-declarations -Wmissing-prototypes -Wstrict-prototypes -Wundef -Winit-self -Wpointer-arith -Wshadow -Wsign-promo -Wuninitialized -Winit-self -Wno-delete-non-virtual-dtor -Wno-unnamed-type-template-args -Wno-comment -Wno-deprecated-enum-enum-conversion -Wno-deprecated-anon-enum-enum-conversion -fdiagnostics-show-option -Qunused-arguments -Wno-semicolon-before-method-body -ffunction-sections -fdata-sections    -fvisibility=hidden -fvisibility-inlines-hidden  -O3 -DNDEBUG  -DNDEBUG -arch arm64 -isysroot /Library/Developer/CommandLineTools/SDKs/MacOSX12.1.sdk -fPIE -MD -MT CMakeFiles/cmTC_f3004.dir/CheckIncludeFile.c.o -MF CMakeFiles/cmTC_f3004.dir/CheckIncludeFile.c.o.d -o CMakeFiles/cmTC_f3004.dir/CheckIncludeFile.c.o -c /Users/kshitiz2000/desktop/pythonpro/opencv-4.5.0/build/CMakeFiles/CMakeTmp/CheckIncludeFile.c
Linking C executable cmTC_f3004
/opt/homebrew/Cellar/cmake/3.22.2/bin/cmake -E cmake_link_script CMakeFiles/cmTC_f3004.dir/link.txt --verbose=1
/Library/Developer/CommandLineTools/usr/bin/cc    -fsigned-char -W -Wall -Werror=return-type -Werror=non-virtual-dtor -Werror=address -Werror=sequence-point -Wformat -Werror=format-security -Wmissing-declarations -Wmissing-prototypes -Wstrict-prototypes -Wundef -Winit-self -Wpointer-arith -Wshadow -Wsign-promo -Wuninitialized -Winit-self -Wno-delete-non-virtual-dtor -Wno-unnamed-type-template-args -Wno-comment -Wno-deprecated-enum-enum-conversion -Wno-deprecated-anon-enum-enum-conversion -fdiagnostics-show-option -Qunused-arguments -Wno-semicolon-before-method-body -ffunction-sections -fdata-sections    -fvisibility=hidden -fvisibility-inlines-hidden  -O3 -DNDEBUG  -DNDEBUG -arch arm64 -isysroot /Library/Developer/CommandLineTools/SDKs/MacOSX12.1.sdk -Wl,-search_paths_first -Wl,-headerpad_max_install_names   -Wl,-dead_strip  CMakeFiles/cmTC_f3004.dir/CheckIncludeFile.c.o -o cmTC_f3004 



Determining if the include file dlfcn.h exists passed with the following output:
Change Dir: /Users/kshitiz2000/desktop/pythonpro/opencv-4.5.0/build/CMakeFiles/CMakeTmp

Run Build Command(s):/usr/bin/make -f Makefile cmTC_b8680/fast && /Library/Developer/CommandLineTools/usr/bin/make  -f CMakeFiles/cmTC_b8680.dir/build.make CMakeFiles/cmTC_b8680.dir/build
Building C object CMakeFiles/cmTC_b8680.dir/CheckIncludeFile.c.o
/Library/Developer/CommandLineTools/usr/bin/cc   -fsigned-char -W -Wall -Werror=return-type -Werror=non-virtual-dtor -Werror=address -Werror=sequence-point -Wformat -Werror=format-security -Wmissing-declarations -Wmissing-prototypes -Wstrict-prototypes -Wundef -Winit-self -Wpointer-arith -Wshadow -Wsign-promo -Wuninitialized -Winit-self -Wno-delete-non-virtual-dtor -Wno-unnamed-type-template-args -Wno-comment -Wno-deprecated-enum-enum-conversion -Wno-deprecated-anon-enum-enum-conversion -fdiagnostics-show-option -Qunused-arguments -Wno-semicolon-before-method-body -ffunction-sections -fdata-sections    -fvisibility=hidden -fvisibility-inlines-hidden  -O3 -DNDEBUG  -DNDEBUG -arch arm64 -isysroot /Library/Developer/CommandLineTools/SDKs/MacOSX12.1.sdk -fPIE -MD -MT CMakeFiles/cmTC_b8680.dir/CheckIncludeFile.c.o -MF CMakeFiles/cmTC_b8680.dir/CheckIncludeFile.c.o.d -o CMakeFiles/cmTC_b8680.dir/CheckIncludeFile.c.o -c /Users/kshitiz2000/desktop/pythonpro/opencv-4.5.0/build/CMakeFiles/CMakeTmp/CheckIncludeFile.c
Linking C executable cmTC_b8680
/opt/homebrew/Cellar/cmake/3.22.2/bin/cmake -E cmake_link_script CMakeFiles/cmTC_b8680.dir/link.txt --verbose=1
/Library/Developer/CommandLineTools/usr/bin/cc    -fsigned-char -W -Wall -Werror=return-type -Werror=non-virtual-dtor -Werror=address -Werror=sequence-point -Wformat -Werror=format-security -Wmissing-declarations -Wmissing-prototypes -Wstrict-prototypes -Wundef -Winit-self -Wpointer-arith -Wshadow -Wsign-promo -Wuninitialized -Winit-self -Wno-delete-non-virtual-dtor -Wno-unnamed-type-template-args -Wno-comment -Wno-deprecated-enum-enum-conversion -Wno-deprecated-anon-enum-enum-conversion -fdiagnostics-show-option -Qunused-arguments -Wno-semicolon-before-method-body -ffunction-sections -fdata-sections    -fvisibility=hidden -fvisibility-inlines-hidden  -O3 -DNDEBUG  -DNDEBUG -arch arm64 -isysroot /Library/Developer/CommandLineTools/SDKs/MacOSX12.1.sdk -Wl,-search_paths_first -Wl,-headerpad_max_install_names   -Wl,-dead_strip  CMakeFiles/cmTC_b8680.dir/CheckIncludeFile.c.o -o cmTC_b8680 



Determining if the include file fcntl.h exists passed with the following output:
Change Dir: /Users/kshitiz2000/desktop/pythonpro/opencv-4.5.0/build/CMakeFiles/CMakeTmp

Run Build Command(s):/usr/bin/make -f Makefile cmTC_30528/fast && /Library/Developer/CommandLineTools/usr/bin/make  -f CMakeFiles/cmTC_30528.dir/build.make CMakeFiles/cmTC_30528.dir/build
Building C object CMakeFiles/cmTC_30528.dir/CheckIncludeFile.c.o
/Library/Developer/CommandLineTools/usr/bin/cc   -fsigned-char -W -Wall -Werror=return-type -Werror=non-virtual-dtor -Werror=address -Werror=sequence-point -Wformat -Werror=format-security -Wmissing-declarations -Wmissing-prototypes -Wstrict-prototypes -Wundef -Winit-self -Wpointer-arith -Wshadow -Wsign-promo -Wuninitialized -Winit-self -Wno-delete-non-virtual-dtor -Wno-unnamed-type-template-args -Wno-comment -Wno-deprecated-enum-enum-conversion -Wno-deprecated-anon-enum-enum-conversion -fdiagnostics-show-option -Qunused-arguments -Wno-semicolon-before-method-body -ffunction-sections -fdata-sections    -fvisibility=hidden -fvisibility-inlines-hidden  -O3 -DNDEBUG  -DNDEBUG -arch arm64 -isysroot /Library/Developer/CommandLineTools/SDKs/MacOSX12.1.sdk -fPIE -MD -MT CMakeFiles/cmTC_30528.dir/CheckIncludeFile.c.o -MF CMakeFiles/cmTC_30528.dir/CheckIncludeFile.c.o.d -o CMakeFiles/cmTC_30528.dir/CheckIncludeFile.c.o -c /Users/kshitiz2000/desktop/pythonpro/opencv-4.5.0/build/CMakeFiles/CMakeTmp/CheckIncludeFile.c
Linking C executable cmTC_30528
/opt/homebrew/Cellar/cmake/3.22.2/bin/cmake -E cmake_link_script CMakeFiles/cmTC_30528.dir/link.txt --verbose=1
/Library/Developer/CommandLineTools/usr/bin/cc    -fsigned-char -W -Wall -Werror=return-type -Werror=non-virtual-dtor -Werror=address -Werror=sequence-point -Wformat -Werror=format-security -Wmissing-declarations -Wmissing-prototypes -Wstrict-prototypes -Wundef -Winit-self -Wpointer-arith -Wshadow -Wsign-promo -Wuninitialized -Winit-self -Wno-delete-non-virtual-dtor -Wno-unnamed-type-template-args -Wno-comment -Wno-deprecated-enum-enum-conversion -Wno-deprecated-anon-enum-enum-conversion -fdiagnostics-show-option -Qunused-arguments -Wno-semicolon-before-method-body -ffunction-sections -fdata-sections    -fvisibility=hidden -fvisibility-inlines-hidden  -O3 -DNDEBUG  -DNDEBUG -arch arm64 -isysroot /Library/Developer/CommandLineTools/SDKs/MacOSX12.1.sdk -Wl,-search_paths_first -Wl,-headerpad_max_install_names   -Wl,-dead_strip  CMakeFiles/cmTC_30528.dir/CheckIncludeFile.c.o -o cmTC_30528 



Determining if the include file inttypes.h exists passed with the following output:
Change Dir: /Users/kshitiz2000/desktop/pythonpro/opencv-4.5.0/build/CMakeFiles/CMakeTmp

Run Build Command(s):/usr/bin/make -f Makefile cmTC_80856/fast && /Library/Developer/CommandLineTools/usr/bin/make  -f CMakeFiles/cmTC_80856.dir/build.make CMakeFiles/cmTC_80856.dir/build
Building C object CMakeFiles/cmTC_80856.dir/CheckIncludeFile.c.o
/Library/Developer/CommandLineTools/usr/bin/cc   -fsigned-char -W -Wall -Werror=return-type -Werror=non-virtual-dtor -Werror=address -Werror=sequence-point -Wformat -Werror=format-security -Wmissing-declarations -Wmissing-prototypes -Wstrict-prototypes -Wundef -Winit-self -Wpointer-arith -Wshadow -Wsign-promo -Wuninitialized -Winit-self -Wno-delete-non-virtual-dtor -Wno-unnamed-type-template-args -Wno-comment -Wno-deprecated-enum-enum-conversion -Wno-deprecated-anon-enum-enum-conversion -fdiagnostics-show-option -Qunused-arguments -Wno-semicolon-before-method-body -ffunction-sections -fdata-sections    -fvisibility=hidden -fvisibility-inlines-hidden  -O3 -DNDEBUG  -DNDEBUG -arch arm64 -isysroot /Library/Developer/CommandLineTools/SDKs/MacOSX12.1.sdk -fPIE -MD -MT CMakeFiles/cmTC_80856.dir/CheckIncludeFile.c.o -MF CMakeFiles/cmTC_80856.dir/CheckIncludeFile.c.o.d -o CMakeFiles/cmTC_80856.dir/CheckIncludeFile.c.o -c /Users/kshitiz2000/desktop/pythonpro/opencv-4.5.0/build/CMakeFiles/CMakeTmp/CheckIncludeFile.c
Linking C executable cmTC_80856
/opt/homebrew/Cellar/cmake/3.22.2/bin/cmake -E cmake_link_script CMakeFiles/cmTC_80856.dir/link.txt --verbose=1
/Library/Developer/CommandLineTools/usr/bin/cc    -fsigned-char -W -Wall -Werror=return-type -Werror=non-virtual-dtor -Werror=address -Werror=sequence-point -Wformat -Werror=format-security -Wmissing-declarations -Wmissing-prototypes -Wstrict-prototypes -Wundef -Winit-self -Wpointer-arith -Wshadow -Wsign-promo -Wuninitialized -Winit-self -Wno-delete-non-virtual-dtor -Wno-unnamed-type-template-args -Wno-comment -Wno-deprecated-enum-enum-conversion -Wno-deprecated-anon-enum-enum-conversion -fdiagnostics-show-option -Qunused-arguments -Wno-semicolon-before-method-body -ffunction-sections -fdata-sections    -fvisibility=hidden -fvisibility-inlines-hidden  -O3 -DNDEBUG  -DNDEBUG -arch arm64 -isysroot /Library/Developer/CommandLineTools/SDKs/MacOSX12.1.sdk -Wl,-search_paths_first -Wl,-headerpad_max_install_names   -Wl,-dead_strip  CMakeFiles/cmTC_80856.dir/CheckIncludeFile.c.o -o cmTC_80856 



Determining if the include file limits.h exists passed with the following output:
Change Dir: /Users/kshitiz2000/desktop/pythonpro/opencv-4.5.0/build/CMakeFiles/CMakeTmp

Run Build Command(s):/usr/bin/make -f Makefile cmTC_8f9ff/fast && /Library/Developer/CommandLineTools/usr/bin/make  -f CMakeFiles/cmTC_8f9ff.dir/build.make CMakeFiles/cmTC_8f9ff.dir/build
Building C object CMakeFiles/cmTC_8f9ff.dir/CheckIncludeFile.c.o
/Library/Developer/CommandLineTools/usr/bin/cc   -fsigned-char -W -Wall -Werror=return-type -Werror=non-virtual-dtor -Werror=address -Werror=sequence-point -Wformat -Werror=format-security -Wmissing-declarations -Wmissing-prototypes -Wstrict-prototypes -Wundef -Winit-self -Wpointer-arith -Wshadow -Wsign-promo -Wuninitialized -Winit-self -Wno-delete-non-virtual-dtor -Wno-unnamed-type-template-args -Wno-comment -Wno-deprecated-enum-enum-conversion -Wno-deprecated-anon-enum-enum-conversion -fdiagnostics-show-option -Qunused-arguments -Wno-semicolon-before-method-body -ffunction-sections -fdata-sections    -fvisibility=hidden -fvisibility-inlines-hidden  -O3 -DNDEBUG  -DNDEBUG -arch arm64 -isysroot /Library/Developer/CommandLineTools/SDKs/MacOSX12.1.sdk -fPIE -MD -MT CMakeFiles/cmTC_8f9ff.dir/CheckIncludeFile.c.o -MF CMakeFiles/cmTC_8f9ff.dir/CheckIncludeFile.c.o.d -o CMakeFiles/cmTC_8f9ff.dir/CheckIncludeFile.c.o -c /Users/kshitiz2000/desktop/pythonpro/opencv-4.5.0/build/CMakeFiles/CMakeTmp/CheckIncludeFile.c
Linking C executable cmTC_8f9ff
/opt/homebrew/Cellar/cmake/3.22.2/bin/cmake -E cmake_link_script CMakeFiles/cmTC_8f9ff.dir/link.txt --verbose=1
/Library/Developer/CommandLineTools/usr/bin/cc    -fsigned-char -W -Wall -Werror=return-type -Werror=non-virtual-dtor -Werror=address -Werror=sequence-point -Wformat -Werror=format-security -Wmissing-declarations -Wmissing-prototypes -Wstrict-prototypes -Wundef -Winit-self -Wpointer-arith -Wshadow -Wsign-promo -Wuninitialized -Winit-self -Wno-delete-non-virtual-dtor -Wno-unnamed-type-template-args -Wno-comment -Wno-deprecated-enum-enum-conversion -Wno-deprecated-anon-enum-enum-conversion -fdiagnostics-show-option -Qunused-arguments -Wno-semicolon-before-method-body -ffunction-sections -fdata-sections    -fvisibility=hidden -fvisibility-inlines-hidden  -O3 -DNDEBUG  -DNDEBUG -arch arm64 -isysroot /Library/Developer/CommandLineTools/SDKs/MacOSX12.1.sdk -Wl,-search_paths_first -Wl,-headerpad_max_install_names   -Wl,-dead_strip  CMakeFiles/cmTC_8f9ff.dir/CheckIncludeFile.c.o -o cmTC_8f9ff 



Determining if the include file memory.h exists passed with the following output:
Change Dir: /Users/kshitiz2000/desktop/pythonpro/opencv-4.5.0/build/CMakeFiles/CMakeTmp

Run Build Command(s):/usr/bin/make -f Makefile cmTC_efa6c/fast && /Library/Developer/CommandLineTools/usr/bin/make  -f CMakeFiles/cmTC_efa6c.dir/build.make CMakeFiles/cmTC_efa6c.dir/build
Building C object CMakeFiles/cmTC_efa6c.dir/CheckIncludeFile.c.o
/Library/Developer/CommandLineTools/usr/bin/cc   -fsigned-char -W -Wall -Werror=return-type -Werror=non-virtual-dtor -Werror=address -Werror=sequence-point -Wformat -Werror=format-security -Wmissing-declarations -Wmissing-prototypes -Wstrict-prototypes -Wundef -Winit-self -Wpointer-arith -Wshadow -Wsign-promo -Wuninitialized -Winit-self -Wno-delete-non-virtual-dtor -Wno-unnamed-type-template-args -Wno-comment -Wno-deprecated-enum-enum-conversion -Wno-deprecated-anon-enum-enum-conversion -fdiagnostics-show-option -Qunused-arguments -Wno-semicolon-before-method-body -ffunction-sections -fdata-sections    -fvisibility=hidden -fvisibility-inlines-hidden  -O3 -DNDEBUG  -DNDEBUG -arch arm64 -isysroot /Library/Developer/CommandLineTools/SDKs/MacOSX12.1.sdk -fPIE -MD -MT CMakeFiles/cmTC_efa6c.dir/CheckIncludeFile.c.o -MF CMakeFiles/cmTC_efa6c.dir/CheckIncludeFile.c.o.d -o CMakeFiles/cmTC_efa6c.dir/CheckIncludeFile.c.o -c /Users/kshitiz2000/desktop/pythonpro/opencv-4.5.0/build/CMakeFiles/CMakeTmp/CheckIncludeFile.c
Linking C executable cmTC_efa6c
/opt/homebrew/Cellar/cmake/3.22.2/bin/cmake -E cmake_link_script CMakeFiles/cmTC_efa6c.dir/link.txt --verbose=1
/Library/Developer/CommandLineTools/usr/bin/cc    -fsigned-char -W -Wall -Werror=return-type -Werror=non-virtual-dtor -Werror=address -Werror=sequence-point -Wformat -Werror=format-security -Wmissing-declarations -Wmissing-prototypes -Wstrict-prototypes -Wundef -Winit-self -Wpointer-arith -Wshadow -Wsign-promo -Wuninitialized -Winit-self -Wno-delete-non-virtual-dtor -Wno-unnamed-type-template-args -Wno-comment -Wno-deprecated-enum-enum-conversion -Wno-deprecated-anon-enum-enum-conversion -fdiagnostics-show-option -Qunused-arguments -Wno-semicolon-before-method-body -ffunction-sections -fdata-sections    -fvisibility=hidden -fvisibility-inlines-hidden  -O3 -DNDEBUG  -DNDEBUG -arch arm64 -isysroot /Library/Developer/CommandLineTools/SDKs/MacOSX12.1.sdk -Wl,-search_paths_first -Wl,-headerpad_max_install_names   -Wl,-dead_strip  CMakeFiles/cmTC_efa6c.dir/CheckIncludeFile.c.o -o cmTC_efa6c 



Determining if the include file search.h exists passed with the following output:
Change Dir: /Users/kshitiz2000/desktop/pythonpro/opencv-4.5.0/build/CMakeFiles/CMakeTmp

Run Build Command(s):/usr/bin/make -f Makefile cmTC_56935/fast && /Library/Developer/CommandLineTools/usr/bin/make  -f CMakeFiles/cmTC_56935.dir/build.make CMakeFiles/cmTC_56935.dir/build
Building C object CMakeFiles/cmTC_56935.dir/CheckIncludeFile.c.o
/Library/Developer/CommandLineTools/usr/bin/cc   -fsigned-char -W -Wall -Werror=return-type -Werror=non-virtual-dtor -Werror=address -Werror=sequence-point -Wformat -Werror=format-security -Wmissing-declarations -Wmissing-prototypes -Wstrict-prototypes -Wundef -Winit-self -Wpointer-arith -Wshadow -Wsign-promo -Wuninitialized -Winit-self -Wno-delete-non-virtual-dtor -Wno-unnamed-type-template-args -Wno-comment -Wno-deprecated-enum-enum-conversion -Wno-deprecated-anon-enum-enum-conversion -fdiagnostics-show-option -Qunused-arguments -Wno-semicolon-before-method-body -ffunction-sections -fdata-sections    -fvisibility=hidden -fvisibility-inlines-hidden  -O3 -DNDEBUG  -DNDEBUG -arch arm64 -isysroot /Library/Developer/CommandLineTools/SDKs/MacOSX12.1.sdk -fPIE -MD -MT CMakeFiles/cmTC_56935.dir/CheckIncludeFile.c.o -MF CMakeFiles/cmTC_56935.dir/CheckIncludeFile.c.o.d -o CMakeFiles/cmTC_56935.dir/CheckIncludeFile.c.o -c /Users/kshitiz2000/desktop/pythonpro/opencv-4.5.0/build/CMakeFiles/CMakeTmp/CheckIncludeFile.c
Linking C executable cmTC_56935
/opt/homebrew/Cellar/cmake/3.22.2/bin/cmake -E cmake_link_script CMakeFiles/cmTC_56935.dir/link.txt --verbose=1
/Library/Developer/CommandLineTools/usr/bin/cc    -fsigned-char -W -Wall -Werror=return-type -Werror=non-virtual-dtor -Werror=address -Werror=sequence-point -Wformat -Werror=format-security -Wmissing-declarations -Wmissing-prototypes -Wstrict-prototypes -Wundef -Winit-self -Wpointer-arith -Wshadow -Wsign-promo -Wuninitialized -Winit-self -Wno-delete-non-virtual-dtor -Wno-unnamed-type-template-args -Wno-comment -Wno-deprecated-enum-enum-conversion -Wno-deprecated-anon-enum-enum-conversion -fdiagnostics-show-option -Qunused-arguments -Wno-semicolon-before-method-body -ffunction-sections -fdata-sections    -fvisibility=hidden -fvisibility-inlines-hidden  -O3 -DNDEBUG  -DNDEBUG -arch arm64 -isysroot /Library/Developer/CommandLineTools/SDKs/MacOSX12.1.sdk -Wl,-search_paths_first -Wl,-headerpad_max_install_names   -Wl,-dead_strip  CMakeFiles/cmTC_56935.dir/CheckIncludeFile.c.o -o cmTC_56935 



Determining if the include file string.h exists passed with the following output:
Change Dir: /Users/kshitiz2000/desktop/pythonpro/opencv-4.5.0/build/CMakeFiles/CMakeTmp

Run Build Command(s):/usr/bin/make -f Makefile cmTC_87658/fast && /Library/Developer/CommandLineTools/usr/bin/make  -f CMakeFiles/cmTC_87658.dir/build.make CMakeFiles/cmTC_87658.dir/build
Building C object CMakeFiles/cmTC_87658.dir/CheckIncludeFile.c.o
/Library/Developer/CommandLineTools/usr/bin/cc   -fsigned-char -W -Wall -Werror=return-type -Werror=non-virtual-dtor -Werror=address -Werror=sequence-point -Wformat -Werror=format-security -Wmissing-declarations -Wmissing-prototypes -Wstrict-prototypes -Wundef -Winit-self -Wpointer-arith -Wshadow -Wsign-promo -Wuninitialized -Winit-self -Wno-delete-non-virtual-dtor -Wno-unnamed-type-template-args -Wno-comment -Wno-deprecated-enum-enum-conversion -Wno-deprecated-anon-enum-enum-conversion -fdiagnostics-show-option -Qunused-arguments -Wno-semicolon-before-method-body -ffunction-sections -fdata-sections    -fvisibility=hidden -fvisibility-inlines-hidden  -O3 -DNDEBUG  -DNDEBUG -arch arm64 -isysroot /Library/Developer/CommandLineTools/SDKs/MacOSX12.1.sdk -fPIE -MD -MT CMakeFiles/cmTC_87658.dir/CheckIncludeFile.c.o -MF CMakeFiles/cmTC_87658.dir/CheckIncludeFile.c.o.d -o CMakeFiles/cmTC_87658.dir/CheckIncludeFile.c.o -c /Users/kshitiz2000/desktop/pythonpro/opencv-4.5.0/build/CMakeFiles/CMakeTmp/CheckIncludeFile.c
Linking C executable cmTC_87658
/opt/homebrew/Cellar/cmake/3.22.2/bin/cmake -E cmake_link_script CMakeFiles/cmTC_87658.dir/link.txt --verbose=1
/Library/Developer/CommandLineTools/usr/bin/cc    -fsigned-char -W -Wall -Werror=return-type -Werror=non-virtual-dtor -Werror=address -Werror=sequence-point -Wformat -Werror=format-security -Wmissing-declarations -Wmissing-prototypes -Wstrict-prototypes -Wundef -Winit-self -Wpointer-arith -Wshadow -Wsign-promo -Wuninitialized -Winit-self -Wno-delete-non-virtual-dtor -Wno-unnamed-type-template-args -Wno-comment -Wno-deprecated-enum-enum-conversion -Wno-deprecated-anon-enum-enum-conversion -fdiagnostics-show-option -Qunused-arguments -Wno-semicolon-before-method-body -ffunction-sections -fdata-sections    -fvisibility=hidden -fvisibility-inlines-hidden  -O3 -DNDEBUG  -DNDEBUG -arch arm64 -isysroot /Library/Developer/CommandLineTools/SDKs/MacOSX12.1.sdk -Wl,-search_paths_first -Wl,-headerpad_max_install_names   -Wl,-dead_strip  CMakeFiles/cmTC_87658.dir/CheckIncludeFile.c.o -o cmTC_87658 



Determining if the include file strings.h exists passed with the following output:
Change Dir: /Users/kshitiz2000/desktop/pythonpro/opencv-4.5.0/build/CMakeFiles/CMakeTmp

Run Build Command(s):/usr/bin/make -f Makefile cmTC_7c706/fast && /Library/Developer/CommandLineTools/usr/bin/make  -f CMakeFiles/cmTC_7c706.dir/build.make CMakeFiles/cmTC_7c706.dir/build
Building C object CMakeFiles/cmTC_7c706.dir/CheckIncludeFile.c.o
/Library/Developer/CommandLineTools/usr/bin/cc   -fsigned-char -W -Wall -Werror=return-type -Werror=non-virtual-dtor -Werror=address -Werror=sequence-point -Wformat -Werror=format-security -Wmissing-declarations -Wmissing-prototypes -Wstrict-prototypes -Wundef -Winit-self -Wpointer-arith -Wshadow -Wsign-promo -Wuninitialized -Winit-self -Wno-delete-non-virtual-dtor -Wno-unnamed-type-template-args -Wno-comment -Wno-deprecated-enum-enum-conversion -Wno-deprecated-anon-enum-enum-conversion -fdiagnostics-show-option -Qunused-arguments -Wno-semicolon-before-method-body -ffunction-sections -fdata-sections    -fvisibility=hidden -fvisibility-inlines-hidden  -O3 -DNDEBUG  -DNDEBUG -arch arm64 -isysroot /Library/Developer/CommandLineTools/SDKs/MacOSX12.1.sdk -fPIE -MD -MT CMakeFiles/cmTC_7c706.dir/CheckIncludeFile.c.o -MF CMakeFiles/cmTC_7c706.dir/CheckIncludeFile.c.o.d -o CMakeFiles/cmTC_7c706.dir/CheckIncludeFile.c.o -c /Users/kshitiz2000/desktop/pythonpro/opencv-4.5.0/build/CMakeFiles/CMakeTmp/CheckIncludeFile.c
Linking C executable cmTC_7c706
/opt/homebrew/Cellar/cmake/3.22.2/bin/cmake -E cmake_link_script CMakeFiles/cmTC_7c706.dir/link.txt --verbose=1
/Library/Developer/CommandLineTools/usr/bin/cc    -fsigned-char -W -Wall -Werror=return-type -Werror=non-virtual-dtor -Werror=address -Werror=sequence-point -Wformat -Werror=format-security -Wmissing-declarations -Wmissing-prototypes -Wstrict-prototypes -Wundef -Winit-self -Wpointer-arith -Wshadow -Wsign-promo -Wuninitialized -Winit-self -Wno-delete-non-virtual-dtor -Wno-unnamed-type-template-args -Wno-comment -Wno-deprecated-enum-enum-conversion -Wno-deprecated-anon-enum-enum-conversion -fdiagnostics-show-option -Qunused-arguments -Wno-semicolon-before-method-body -ffunction-sections -fdata-sections    -fvisibility=hidden -fvisibility-inlines-hidden  -O3 -DNDEBUG  -DNDEBUG -arch arm64 -isysroot /Library/Developer/CommandLineTools/SDKs/MacOSX12.1.sdk -Wl,-search_paths_first -Wl,-headerpad_max_install_names   -Wl,-dead_strip  CMakeFiles/cmTC_7c706.dir/CheckIncludeFile.c.o -o cmTC_7c706 



Determining if the include file sys/time.h exists passed with the following output:
Change Dir: /Users/kshitiz2000/desktop/pythonpro/opencv-4.5.0/build/CMakeFiles/CMakeTmp

Run Build Command(s):/usr/bin/make -f Makefile cmTC_e3dcd/fast && /Library/Developer/CommandLineTools/usr/bin/make  -f CMakeFiles/cmTC_e3dcd.dir/build.make CMakeFiles/cmTC_e3dcd.dir/build
Building C object CMakeFiles/cmTC_e3dcd.dir/CheckIncludeFile.c.o
/Library/Developer/CommandLineTools/usr/bin/cc   -fsigned-char -W -Wall -Werror=return-type -Werror=non-virtual-dtor -Werror=address -Werror=sequence-point -Wformat -Werror=format-security -Wmissing-declarations -Wmissing-prototypes -Wstrict-prototypes -Wundef -Winit-self -Wpointer-arith -Wshadow -Wsign-promo -Wuninitialized -Winit-self -Wno-delete-non-virtual-dtor -Wno-unnamed-type-template-args -Wno-comment -Wno-deprecated-enum-enum-conversion -Wno-deprecated-anon-enum-enum-conversion -fdiagnostics-show-option -Qunused-arguments -Wno-semicolon-before-method-body -ffunction-sections -fdata-sections    -fvisibility=hidden -fvisibility-inlines-hidden  -O3 -DNDEBUG  -DNDEBUG -arch arm64 -isysroot /Library/Developer/CommandLineTools/SDKs/MacOSX12.1.sdk -fPIE -MD -MT CMakeFiles/cmTC_e3dcd.dir/CheckIncludeFile.c.o -MF CMakeFiles/cmTC_e3dcd.dir/CheckIncludeFile.c.o.d -o CMakeFiles/cmTC_e3dcd.dir/CheckIncludeFile.c.o -c /Users/kshitiz2000/desktop/pythonpro/opencv-4.5.0/build/CMakeFiles/CMakeTmp/CheckIncludeFile.c
Linking C executable cmTC_e3dcd
/opt/homebrew/Cellar/cmake/3.22.2/bin/cmake -E cmake_link_script CMakeFiles/cmTC_e3dcd.dir/link.txt --verbose=1
/Library/Developer/CommandLineTools/usr/bin/cc    -fsigned-char -W -Wall -Werror=return-type -Werror=non-virtual-dtor -Werror=address -Werror=sequence-point -Wformat -Werror=format-security -Wmissing-declarations -Wmissing-prototypes -Wstrict-prototypes -Wundef -Winit-self -Wpointer-arith -Wshadow -Wsign-promo -Wuninitialized -Winit-self -Wno-delete-non-virtual-dtor -Wno-unnamed-type-template-args -Wno-comment -Wno-deprecated-enum-enum-conversion -Wno-deprecated-anon-enum-enum-conversion -fdiagnostics-show-option -Qunused-arguments -Wno-semicolon-before-method-body -ffunction-sections -fdata-sections    -fvisibility=hidden -fvisibility-inlines-hidden  -O3 -DNDEBUG  -DNDEBUG -arch arm64 -isysroot /Library/Developer/CommandLineTools/SDKs/MacOSX12.1.sdk -Wl,-search_paths_first -Wl,-headerpad_max_install_names   -Wl,-dead_strip  CMakeFiles/cmTC_e3dcd.dir/CheckIncludeFile.c.o -o cmTC_e3dcd 



Determining if the include file unistd.h exists passed with the following output:
Change Dir: /Users/kshitiz2000/desktop/pythonpro/opencv-4.5.0/build/CMakeFiles/CMakeTmp

Run Build Command(s):/usr/bin/make -f Makefile cmTC_d6f8e/fast && /Library/Developer/CommandLineTools/usr/bin/make  -f CMakeFiles/cmTC_d6f8e.dir/build.make CMakeFiles/cmTC_d6f8e.dir/build
Building C object CMakeFiles/cmTC_d6f8e.dir/CheckIncludeFile.c.o
/Library/Developer/CommandLineTools/usr/bin/cc   -fsigned-char -W -Wall -Werror=return-type -Werror=non-virtual-dtor -Werror=address -Werror=sequence-point -Wformat -Werror=format-security -Wmissing-declarations -Wmissing-prototypes -Wstrict-prototypes -Wundef -Winit-self -Wpointer-arith -Wshadow -Wsign-promo -Wuninitialized -Winit-self -Wno-delete-non-virtual-dtor -Wno-unnamed-type-template-args -Wno-comment -Wno-deprecated-enum-enum-conversion -Wno-deprecated-anon-enum-enum-conversion -fdiagnostics-show-option -Qunused-arguments -Wno-semicolon-before-method-body -ffunction-sections -fdata-sections    -fvisibility=hidden -fvisibility-inlines-hidden  -O3 -DNDEBUG  -DNDEBUG -arch arm64 -isysroot /Library/Developer/CommandLineTools/SDKs/MacOSX12.1.sdk -fPIE -MD -MT CMakeFiles/cmTC_d6f8e.dir/CheckIncludeFile.c.o -MF CMakeFiles/cmTC_d6f8e.dir/CheckIncludeFile.c.o.d -o CMakeFiles/cmTC_d6f8e.dir/CheckIncludeFile.c.o -c /Users/kshitiz2000/desktop/pythonpro/opencv-4.5.0/build/CMakeFiles/CMakeTmp/CheckIncludeFile.c
Linking C executable cmTC_d6f8e
/opt/homebrew/Cellar/cmake/3.22.2/bin/cmake -E cmake_link_script CMakeFiles/cmTC_d6f8e.dir/link.txt --verbose=1
/Library/Developer/CommandLineTools/usr/bin/cc    -fsigned-char -W -Wall -Werror=return-type -Werror=non-virtual-dtor -Werror=address -Werror=sequence-point -Wformat -Werror=format-security -Wmissing-declarations -Wmissing-prototypes -Wstrict-prototypes -Wundef -Winit-self -Wpointer-arith -Wshadow -Wsign-promo -Wuninitialized -Winit-self -Wno-delete-non-virtual-dtor -Wno-unnamed-type-template-args -Wno-comment -Wno-deprecated-enum-enum-conversion -Wno-deprecated-anon-enum-enum-conversion -fdiagnostics-show-option -Qunused-arguments -Wno-semicolon-before-method-body -ffunction-sections -fdata-sections    -fvisibility=hidden -fvisibility-inlines-hidden  -O3 -DNDEBUG  -DNDEBUG -arch arm64 -isysroot /Library/Developer/CommandLineTools/SDKs/MacOSX12.1.sdk -Wl,-search_paths_first -Wl,-headerpad_max_install_names   -Wl,-dead_strip  CMakeFiles/cmTC_d6f8e.dir/CheckIncludeFile.c.o -o cmTC_d6f8e 



Performing C SOURCE FILE Test C_HAS_inline succeeded with the following output:
Change Dir: /Users/kshitiz2000/desktop/pythonpro/opencv-4.5.0/build/CMakeFiles/CMakeTmp

Run Build Command(s):/usr/bin/make -f Makefile cmTC_35719/fast && /Library/Developer/CommandLineTools/usr/bin/make  -f CMakeFiles/cmTC_35719.dir/build.make CMakeFiles/cmTC_35719.dir/build
Building C object CMakeFiles/cmTC_35719.dir/src.c.o
/Library/Developer/CommandLineTools/usr/bin/cc -DC_HAS_inline -Dinline=inline  -fsigned-char -W -Wall -Werror=return-type -Werror=non-virtual-dtor -Werror=address -Werror=sequence-point -Wformat -Werror=format-security -Wmissing-declarations -Wmissing-prototypes -Wstrict-prototypes -Wundef -Winit-self -Wpointer-arith -Wshadow -Wsign-promo -Wuninitialized -Winit-self -Wno-delete-non-virtual-dtor -Wno-unnamed-type-template-args -Wno-comment -Wno-deprecated-enum-enum-conversion -Wno-deprecated-anon-enum-enum-conversion -fdiagnostics-show-option -Qunused-arguments -Wno-semicolon-before-method-body -ffunction-sections -fdata-sections    -fvisibility=hidden -fvisibility-inlines-hidden  -O3 -DNDEBUG  -DNDEBUG -arch arm64 -isysroot /Library/Developer/CommandLineTools/SDKs/MacOSX12.1.sdk -fPIE -MD -MT CMakeFiles/cmTC_35719.dir/src.c.o -MF CMakeFiles/cmTC_35719.dir/src.c.o.d -o CMakeFiles/cmTC_35719.dir/src.c.o -c /Users/kshitiz2000/desktop/pythonpro/opencv-4.5.0/build/CMakeFiles/CMakeTmp/src.c
/Users/kshitiz2000/desktop/pythonpro/opencv-4.5.0/build/CMakeFiles/CMakeTmp/src.c:4:15: warning: no previous prototype for function 'foo' [-Wmissing-prototypes]
        foo_t foo(){return 0;}
              ^
/Users/kshitiz2000/desktop/pythonpro/opencv-4.5.0/build/CMakeFiles/CMakeTmp/src.c:4:9: note: declare 'static' if the function is not intended to be used outside of this translation unit
        foo_t foo(){return 0;}
        ^
        static 
/Users/kshitiz2000/desktop/pythonpro/opencv-4.5.0/build/CMakeFiles/CMakeTmp/src.c:4:18: warning: this old-style function definition is not preceded by a prototype [-Wstrict-prototypes]
        foo_t foo(){return 0;}
                 ^
/Users/kshitiz2000/desktop/pythonpro/opencv-4.5.0/build/CMakeFiles/CMakeTmp/src.c:5:22: warning: unused parameter 'argc' [-Wunused-parameter]
        int main(int argc, char *argv[]) {return 0;}
                     ^
/Users/kshitiz2000/desktop/pythonpro/opencv-4.5.0/build/CMakeFiles/CMakeTmp/src.c:5:34: warning: unused parameter 'argv' [-Wunused-parameter]
        int main(int argc, char *argv[]) {return 0;}
                                 ^
/Users/kshitiz2000/desktop/pythonpro/opencv-4.5.0/build/CMakeFiles/CMakeTmp/src.c:3:29: warning: unused function 'static_foo' [-Wunused-function]
        static inline foo_t static_foo() {return 0;}
                            ^
5 warnings generated.
Linking C executable cmTC_35719
/opt/homebrew/Cellar/cmake/3.22.2/bin/cmake -E cmake_link_script CMakeFiles/cmTC_35719.dir/link.txt --verbose=1
/Library/Developer/CommandLineTools/usr/bin/cc    -fsigned-char -W -Wall -Werror=return-type -Werror=non-virtual-dtor -Werror=address -Werror=sequence-point -Wformat -Werror=format-security -Wmissing-declarations -Wmissing-prototypes -Wstrict-prototypes -Wundef -Winit-self -Wpointer-arith -Wshadow -Wsign-promo -Wuninitialized -Winit-self -Wno-delete-non-virtual-dtor -Wno-unnamed-type-template-args -Wno-comment -Wno-deprecated-enum-enum-conversion -Wno-deprecated-anon-enum-enum-conversion -fdiagnostics-show-option -Qunused-arguments -Wno-semicolon-before-method-body -ffunction-sections -fdata-sections    -fvisibility=hidden -fvisibility-inlines-hidden  -O3 -DNDEBUG  -DNDEBUG -arch arm64 -isysroot /Library/Developer/CommandLineTools/SDKs/MacOSX12.1.sdk -Wl,-search_paths_first -Wl,-headerpad_max_install_names   -Wl,-dead_strip  CMakeFiles/cmTC_35719.dir/src.c.o -o cmTC_35719 


Source file was:

        typedef int foo_t;
        static inline foo_t static_foo() {return 0;}
        foo_t foo(){return 0;}
        int main(int argc, char *argv[]) {return 0;}
Determining size of signed short passed with the following output:
Change Dir: /Users/kshitiz2000/desktop/pythonpro/opencv-4.5.0/build/CMakeFiles/CMakeTmp

Run Build Command(s):/usr/bin/make -f Makefile cmTC_aeead/fast && /Library/Developer/CommandLineTools/usr/bin/make  -f CMakeFiles/cmTC_aeead.dir/build.make CMakeFiles/cmTC_aeead.dir/build
Building C object CMakeFiles/cmTC_aeead.dir/SIZEOF_SIGNED_SHORT.c.o
/Library/Developer/CommandLineTools/usr/bin/cc   -fsigned-char -W -Wall -Werror=return-type -Werror=non-virtual-dtor -Werror=address -Werror=sequence-point -Wformat -Werror=format-security -Wmissing-declarations -Wmissing-prototypes -Wstrict-prototypes -Wundef -Winit-self -Wpointer-arith -Wshadow -Wsign-promo -Wuninitialized -Winit-self -Wno-delete-non-virtual-dtor -Wno-unnamed-type-template-args -Wno-comment -Wno-deprecated-enum-enum-conversion -Wno-deprecated-anon-enum-enum-conversion -fdiagnostics-show-option -Qunused-arguments -Wno-semicolon-before-method-body -ffunction-sections -fdata-sections    -fvisibility=hidden -fvisibility-inlines-hidden  -O3 -DNDEBUG  -DNDEBUG -arch arm64 -isysroot /Library/Developer/CommandLineTools/SDKs/MacOSX12.1.sdk -fPIE -MD -MT CMakeFiles/cmTC_aeead.dir/SIZEOF_SIGNED_SHORT.c.o -MF CMakeFiles/cmTC_aeead.dir/SIZEOF_SIGNED_SHORT.c.o.d -o CMakeFiles/cmTC_aeead.dir/SIZEOF_SIGNED_SHORT.c.o -c /Users/kshitiz2000/desktop/pythonpro/opencv-4.5.0/build/CMakeFiles/CheckTypeSize/SIZEOF_SIGNED_SHORT.c
Linking C executable cmTC_aeead
/opt/homebrew/Cellar/cmake/3.22.2/bin/cmake -E cmake_link_script CMakeFiles/cmTC_aeead.dir/link.txt --verbose=1
/Library/Developer/CommandLineTools/usr/bin/cc    -fsigned-char -W -Wall -Werror=return-type -Werror=non-virtual-dtor -Werror=address -Werror=sequence-point -Wformat -Werror=format-security -Wmissing-declarations -Wmissing-prototypes -Wstrict-prototypes -Wundef -Winit-self -Wpointer-arith -Wshadow -Wsign-promo -Wuninitialized -Winit-self -Wno-delete-non-virtual-dtor -Wno-unnamed-type-template-args -Wno-comment -Wno-deprecated-enum-enum-conversion -Wno-deprecated-anon-enum-enum-conversion -fdiagnostics-show-option -Qunused-arguments -Wno-semicolon-before-method-body -ffunction-sections -fdata-sections    -fvisibility=hidden -fvisibility-inlines-hidden  -O3 -DNDEBUG  -DNDEBUG -arch arm64 -isysroot /Library/Developer/CommandLineTools/SDKs/MacOSX12.1.sdk -Wl,-search_paths_first -Wl,-headerpad_max_install_names   -Wl,-dead_strip  CMakeFiles/cmTC_aeead.dir/SIZEOF_SIGNED_SHORT.c.o -o cmTC_aeead 



Determining size of unsigned short passed with the following output:
Change Dir: /Users/kshitiz2000/desktop/pythonpro/opencv-4.5.0/build/CMakeFiles/CMakeTmp

Run Build Command(s):/usr/bin/make -f Makefile cmTC_86504/fast && /Library/Developer/CommandLineTools/usr/bin/make  -f CMakeFiles/cmTC_86504.dir/build.make CMakeFiles/cmTC_86504.dir/build
Building C object CMakeFiles/cmTC_86504.dir/SIZEOF_UNSIGNED_SHORT.c.o
/Library/Developer/CommandLineTools/usr/bin/cc   -fsigned-char -W -Wall -Werror=return-type -Werror=non-virtual-dtor -Werror=address -Werror=sequence-point -Wformat -Werror=format-security -Wmissing-declarations -Wmissing-prototypes -Wstrict-prototypes -Wundef -Winit-self -Wpointer-arith -Wshadow -Wsign-promo -Wuninitialized -Winit-self -Wno-delete-non-virtual-dtor -Wno-unnamed-type-template-args -Wno-comment -Wno-deprecated-enum-enum-conversion -Wno-deprecated-anon-enum-enum-conversion -fdiagnostics-show-option -Qunused-arguments -Wno-semicolon-before-method-body -ffunction-sections -fdata-sections    -fvisibility=hidden -fvisibility-inlines-hidden  -O3 -DNDEBUG  -DNDEBUG -arch arm64 -isysroot /Library/Developer/CommandLineTools/SDKs/MacOSX12.1.sdk -fPIE -MD -MT CMakeFiles/cmTC_86504.dir/SIZEOF_UNSIGNED_SHORT.c.o -MF CMakeFiles/cmTC_86504.dir/SIZEOF_UNSIGNED_SHORT.c.o.d -o CMakeFiles/cmTC_86504.dir/SIZEOF_UNSIGNED_SHORT.c.o -c /Users/kshitiz2000/desktop/pythonpro/opencv-4.5.0/build/CMakeFiles/CheckTypeSize/SIZEOF_UNSIGNED_SHORT.c
Linking C executable cmTC_86504
/opt/homebrew/Cellar/cmake/3.22.2/bin/cmake -E cmake_link_script CMakeFiles/cmTC_86504.dir/link.txt --verbose=1
/Library/Developer/CommandLineTools/usr/bin/cc    -fsigned-char -W -Wall -Werror=return-type -Werror=non-virtual-dtor -Werror=address -Werror=sequence-point -Wformat -Werror=format-security -Wmissing-declarations -Wmissing-prototypes -Wstrict-prototypes -Wundef -Winit-self -Wpointer-arith -Wshadow -Wsign-promo -Wuninitialized -Winit-self -Wno-delete-non-virtual-dtor -Wno-unnamed-type-template-args -Wno-comment -Wno-deprecated-enum-enum-conversion -Wno-deprecated-anon-enum-enum-conversion -fdiagnostics-show-option -Qunused-arguments -Wno-semicolon-before-method-body -ffunction-sections -fdata-sections    -fvisibility=hidden -fvisibility-inlines-hidden  -O3 -DNDEBUG  -DNDEBUG -arch arm64 -isysroot /Library/Developer/CommandLineTools/SDKs/MacOSX12.1.sdk -Wl,-search_paths_first -Wl,-headerpad_max_install_names   -Wl,-dead_strip  CMakeFiles/cmTC_86504.dir/SIZEOF_UNSIGNED_SHORT.c.o -o cmTC_86504 



Determining size of signed int passed with the following output:
Change Dir: /Users/kshitiz2000/desktop/pythonpro/opencv-4.5.0/build/CMakeFiles/CMakeTmp

Run Build Command(s):/usr/bin/make -f Makefile cmTC_70148/fast && /Library/Developer/CommandLineTools/usr/bin/make  -f CMakeFiles/cmTC_70148.dir/build.make CMakeFiles/cmTC_70148.dir/build
Building C object CMakeFiles/cmTC_70148.dir/SIZEOF_SIGNED_INT.c.o
/Library/Developer/CommandLineTools/usr/bin/cc   -fsigned-char -W -Wall -Werror=return-type -Werror=non-virtual-dtor -Werror=address -Werror=sequence-point -Wformat -Werror=format-security -Wmissing-declarations -Wmissing-prototypes -Wstrict-prototypes -Wundef -Winit-self -Wpointer-arith -Wshadow -Wsign-promo -Wuninitialized -Winit-self -Wno-delete-non-virtual-dtor -Wno-unnamed-type-template-args -Wno-comment -Wno-deprecated-enum-enum-conversion -Wno-deprecated-anon-enum-enum-conversion -fdiagnostics-show-option -Qunused-arguments -Wno-semicolon-before-method-body -ffunction-sections -fdata-sections    -fvisibility=hidden -fvisibility-inlines-hidden  -O3 -DNDEBUG  -DNDEBUG -arch arm64 -isysroot /Library/Developer/CommandLineTools/SDKs/MacOSX12.1.sdk -fPIE -MD -MT CMakeFiles/cmTC_70148.dir/SIZEOF_SIGNED_INT.c.o -MF CMakeFiles/cmTC_70148.dir/SIZEOF_SIGNED_INT.c.o.d -o CMakeFiles/cmTC_70148.dir/SIZEOF_SIGNED_INT.c.o -c /Users/kshitiz2000/desktop/pythonpro/opencv-4.5.0/build/CMakeFiles/CheckTypeSize/SIZEOF_SIGNED_INT.c
Linking C executable cmTC_70148
/opt/homebrew/Cellar/cmake/3.22.2/bin/cmake -E cmake_link_script CMakeFiles/cmTC_70148.dir/link.txt --verbose=1
/Library/Developer/CommandLineTools/usr/bin/cc    -fsigned-char -W -Wall -Werror=return-type -Werror=non-virtual-dtor -Werror=address -Werror=sequence-point -Wformat -Werror=format-security -Wmissing-declarations -Wmissing-prototypes -Wstrict-prototypes -Wundef -Winit-self -Wpointer-arith -Wshadow -Wsign-promo -Wuninitialized -Winit-self -Wno-delete-non-virtual-dtor -Wno-unnamed-type-template-args -Wno-comment -Wno-deprecated-enum-enum-conversion -Wno-deprecated-anon-enum-enum-conversion -fdiagnostics-show-option -Qunused-arguments -Wno-semicolon-before-method-body -ffunction-sections -fdata-sections    -fvisibility=hidden -fvisibility-inlines-hidden  -O3 -DNDEBUG  -DNDEBUG -arch arm64 -isysroot /Library/Developer/CommandLineTools/SDKs/MacOSX12.1.sdk -Wl,-search_paths_first -Wl,-headerpad_max_install_names   -Wl,-dead_strip  CMakeFiles/cmTC_70148.dir/SIZEOF_SIGNED_INT.c.o -o cmTC_70148 



Determining size of unsigned int passed with the following output:
Change Dir: /Users/kshitiz2000/desktop/pythonpro/opencv-4.5.0/build/CMakeFiles/CMakeTmp

Run Build Command(s):/usr/bin/make -f Makefile cmTC_6bb98/fast && /Library/Developer/CommandLineTools/usr/bin/make  -f CMakeFiles/cmTC_6bb98.dir/build.make CMakeFiles/cmTC_6bb98.dir/build
Building C object CMakeFiles/cmTC_6bb98.dir/SIZEOF_UNSIGNED_INT.c.o
/Library/Developer/CommandLineTools/usr/bin/cc   -fsigned-char -W -Wall -Werror=return-type -Werror=non-virtual-dtor -Werror=address -Werror=sequence-point -Wformat -Werror=format-security -Wmissing-declarations -Wmissing-prototypes -Wstrict-prototypes -Wundef -Winit-self -Wpointer-arith -Wshadow -Wsign-promo -Wuninitialized -Winit-self -Wno-delete-non-virtual-dtor -Wno-unnamed-type-template-args -Wno-comment -Wno-deprecated-enum-enum-conversion -Wno-deprecated-anon-enum-enum-conversion -fdiagnostics-show-option -Qunused-arguments -Wno-semicolon-before-method-body -ffunction-sections -fdata-sections    -fvisibility=hidden -fvisibility-inlines-hidden  -O3 -DNDEBUG  -DNDEBUG -arch arm64 -isysroot /Library/Developer/CommandLineTools/SDKs/MacOSX12.1.sdk -fPIE -MD -MT CMakeFiles/cmTC_6bb98.dir/SIZEOF_UNSIGNED_INT.c.o -MF CMakeFiles/cmTC_6bb98.dir/SIZEOF_UNSIGNED_INT.c.o.d -o CMakeFiles/cmTC_6bb98.dir/SIZEOF_UNSIGNED_INT.c.o -c /Users/kshitiz2000/desktop/pythonpro/opencv-4.5.0/build/CMakeFiles/CheckTypeSize/SIZEOF_UNSIGNED_INT.c
Linking C executable cmTC_6bb98
/opt/homebrew/Cellar/cmake/3.22.2/bin/cmake -E cmake_link_script CMakeFiles/cmTC_6bb98.dir/link.txt --verbose=1
/Library/Developer/CommandLineTools/usr/bin/cc    -fsigned-char -W -Wall -Werror=return-type -Werror=non-virtual-dtor -Werror=address -Werror=sequence-point -Wformat -Werror=format-security -Wmissing-declarations -Wmissing-prototypes -Wstrict-prototypes -Wundef -Winit-self -Wpointer-arith -Wshadow -Wsign-promo -Wuninitialized -Winit-self -Wno-delete-non-virtual-dtor -Wno-unnamed-type-template-args -Wno-comment -Wno-deprecated-enum-enum-conversion -Wno-deprecated-anon-enum-enum-conversion -fdiagnostics-show-option -Qunused-arguments -Wno-semicolon-before-method-body -ffunction-sections -fdata-sections    -fvisibility=hidden -fvisibility-inlines-hidden  -O3 -DNDEBUG  -DNDEBUG -arch arm64 -isysroot /Library/Developer/CommandLineTools/SDKs/MacOSX12.1.sdk -Wl,-search_paths_first -Wl,-headerpad_max_install_names   -Wl,-dead_strip  CMakeFiles/cmTC_6bb98.dir/SIZEOF_UNSIGNED_INT.c.o -o cmTC_6bb98 



Determining size of signed long passed with the following output:
Change Dir: /Users/kshitiz2000/desktop/pythonpro/opencv-4.5.0/build/CMakeFiles/CMakeTmp

Run Build Command(s):/usr/bin/make -f Makefile cmTC_82a7a/fast && /Library/Developer/CommandLineTools/usr/bin/make  -f CMakeFiles/cmTC_82a7a.dir/build.make CMakeFiles/cmTC_82a7a.dir/build
Building C object CMakeFiles/cmTC_82a7a.dir/SIZEOF_SIGNED_LONG.c.o
/Library/Developer/CommandLineTools/usr/bin/cc   -fsigned-char -W -Wall -Werror=return-type -Werror=non-virtual-dtor -Werror=address -Werror=sequence-point -Wformat -Werror=format-security -Wmissing-declarations -Wmissing-prototypes -Wstrict-prototypes -Wundef -Winit-self -Wpointer-arith -Wshadow -Wsign-promo -Wuninitialized -Winit-self -Wno-delete-non-virtual-dtor -Wno-unnamed-type-template-args -Wno-comment -Wno-deprecated-enum-enum-conversion -Wno-deprecated-anon-enum-enum-conversion -fdiagnostics-show-option -Qunused-arguments -Wno-semicolon-before-method-body -ffunction-sections -fdata-sections    -fvisibility=hidden -fvisibility-inlines-hidden  -O3 -DNDEBUG  -DNDEBUG -arch arm64 -isysroot /Library/Developer/CommandLineTools/SDKs/MacOSX12.1.sdk -fPIE -MD -MT CMakeFiles/cmTC_82a7a.dir/SIZEOF_SIGNED_LONG.c.o -MF CMakeFiles/cmTC_82a7a.dir/SIZEOF_SIGNED_LONG.c.o.d -o CMakeFiles/cmTC_82a7a.dir/SIZEOF_SIGNED_LONG.c.o -c /Users/kshitiz2000/desktop/pythonpro/opencv-4.5.0/build/CMakeFiles/CheckTypeSize/SIZEOF_SIGNED_LONG.c
Linking C executable cmTC_82a7a
/opt/homebrew/Cellar/cmake/3.22.2/bin/cmake -E cmake_link_script CMakeFiles/cmTC_82a7a.dir/link.txt --verbose=1
/Library/Developer/CommandLineTools/usr/bin/cc    -fsigned-char -W -Wall -Werror=return-type -Werror=non-virtual-dtor -Werror=address -Werror=sequence-point -Wformat -Werror=format-security -Wmissing-declarations -Wmissing-prototypes -Wstrict-prototypes -Wundef -Winit-self -Wpointer-arith -Wshadow -Wsign-promo -Wuninitialized -Winit-self -Wno-delete-non-virtual-dtor -Wno-unnamed-type-template-args -Wno-comment -Wno-deprecated-enum-enum-conversion -Wno-deprecated-anon-enum-enum-conversion -fdiagnostics-show-option -Qunused-arguments -Wno-semicolon-before-method-body -ffunction-sections -fdata-sections    -fvisibility=hidden -fvisibility-inlines-hidden  -O3 -DNDEBUG  -DNDEBUG -arch arm64 -isysroot /Library/Developer/CommandLineTools/SDKs/MacOSX12.1.sdk -Wl,-search_paths_first -Wl,-headerpad_max_install_names   -Wl,-dead_strip  CMakeFiles/cmTC_82a7a.dir/SIZEOF_SIGNED_LONG.c.o -o cmTC_82a7a 



Determining size of signed long long passed with the following output:
Change Dir: /Users/kshitiz2000/desktop/pythonpro/opencv-4.5.0/build/CMakeFiles/CMakeTmp

Run Build Command(s):/usr/bin/make -f Makefile cmTC_d810e/fast && /Library/Developer/CommandLineTools/usr/bin/make  -f CMakeFiles/cmTC_d810e.dir/build.make CMakeFiles/cmTC_d810e.dir/build
Building C object CMakeFiles/cmTC_d810e.dir/SIZEOF_SIGNED_LONG_LONG.c.o
/Library/Developer/CommandLineTools/usr/bin/cc   -fsigned-char -W -Wall -Werror=return-type -Werror=non-virtual-dtor -Werror=address -Werror=sequence-point -Wformat -Werror=format-security -Wmissing-declarations -Wmissing-prototypes -Wstrict-prototypes -Wundef -Winit-self -Wpointer-arith -Wshadow -Wsign-promo -Wuninitialized -Winit-self -Wno-delete-non-virtual-dtor -Wno-unnamed-type-template-args -Wno-comment -Wno-deprecated-enum-enum-conversion -Wno-deprecated-anon-enum-enum-conversion -fdiagnostics-show-option -Qunused-arguments -Wno-semicolon-before-method-body -ffunction-sections -fdata-sections    -fvisibility=hidden -fvisibility-inlines-hidden  -O3 -DNDEBUG  -DNDEBUG -arch arm64 -isysroot /Library/Developer/CommandLineTools/SDKs/MacOSX12.1.sdk -fPIE -MD -MT CMakeFiles/cmTC_d810e.dir/SIZEOF_SIGNED_LONG_LONG.c.o -MF CMakeFiles/cmTC_d810e.dir/SIZEOF_SIGNED_LONG_LONG.c.o.d -o CMakeFiles/cmTC_d810e.dir/SIZEOF_SIGNED_LONG_LONG.c.o -c /Users/kshitiz2000/desktop/pythonpro/opencv-4.5.0/build/CMakeFiles/CheckTypeSize/SIZEOF_SIGNED_LONG_LONG.c
Linking C executable cmTC_d810e
/opt/homebrew/Cellar/cmake/3.22.2/bin/cmake -E cmake_link_script CMakeFiles/cmTC_d810e.dir/link.txt --verbose=1
/Library/Developer/CommandLineTools/usr/bin/cc    -fsigned-char -W -Wall -Werror=return-type -Werror=non-virtual-dtor -Werror=address -Werror=sequence-point -Wformat -Werror=format-security -Wmissing-declarations -Wmissing-prototypes -Wstrict-prototypes -Wundef -Winit-self -Wpointer-arith -Wshadow -Wsign-promo -Wuninitialized -Winit-self -Wno-delete-non-virtual-dtor -Wno-unnamed-type-template-args -Wno-comment -Wno-deprecated-enum-enum-conversion -Wno-deprecated-anon-enum-enum-conversion -fdiagnostics-show-option -Qunused-arguments -Wno-semicolon-before-method-body -ffunction-sections -fdata-sections    -fvisibility=hidden -fvisibility-inlines-hidden  -O3 -DNDEBUG  -DNDEBUG -arch arm64 -isysroot /Library/Developer/CommandLineTools/SDKs/MacOSX12.1.sdk -Wl,-search_paths_first -Wl,-headerpad_max_install_names   -Wl,-dead_strip  CMakeFiles/cmTC_d810e.dir/SIZEOF_SIGNED_LONG_LONG.c.o -o cmTC_d810e 



Determining size of unsigned long long passed with the following output:
Change Dir: /Users/kshitiz2000/desktop/pythonpro/opencv-4.5.0/build/CMakeFiles/CMakeTmp

Run Build Command(s):/usr/bin/make -f Makefile cmTC_d0b35/fast && /Library/Developer/CommandLineTools/usr/bin/make  -f CMakeFiles/cmTC_d0b35.dir/build.make CMakeFiles/cmTC_d0b35.dir/build
Building C object CMakeFiles/cmTC_d0b35.dir/SIZEOF_UNSIGNED_LONG_LONG.c.o
/Library/Developer/CommandLineTools/usr/bin/cc   -fsigned-char -W -Wall -Werror=return-type -Werror=non-virtual-dtor -Werror=address -Werror=sequence-point -Wformat -Werror=format-security -Wmissing-declarations -Wmissing-prototypes -Wstrict-prototypes -Wundef -Winit-self -Wpointer-arith -Wshadow -Wsign-promo -Wuninitialized -Winit-self -Wno-delete-non-virtual-dtor -Wno-unnamed-type-template-args -Wno-comment -Wno-deprecated-enum-enum-conversion -Wno-deprecated-anon-enum-enum-conversion -fdiagnostics-show-option -Qunused-arguments -Wno-semicolon-before-method-body -ffunction-sections -fdata-sections    -fvisibility=hidden -fvisibility-inlines-hidden  -O3 -DNDEBUG  -DNDEBUG -arch arm64 -isysroot /Library/Developer/CommandLineTools/SDKs/MacOSX12.1.sdk -fPIE -MD -MT CMakeFiles/cmTC_d0b35.dir/SIZEOF_UNSIGNED_LONG_LONG.c.o -MF CMakeFiles/cmTC_d0b35.dir/SIZEOF_UNSIGNED_LONG_LONG.c.o.d -o CMakeFiles/cmTC_d0b35.dir/SIZEOF_UNSIGNED_LONG_LONG.c.o -c /Users/kshitiz2000/desktop/pythonpro/opencv-4.5.0/build/CMakeFiles/CheckTypeSize/SIZEOF_UNSIGNED_LONG_LONG.c
Linking C executable cmTC_d0b35
/opt/homebrew/Cellar/cmake/3.22.2/bin/cmake -E cmake_link_script CMakeFiles/cmTC_d0b35.dir/link.txt --verbose=1
/Library/Developer/CommandLineTools/usr/bin/cc    -fsigned-char -W -Wall -Werror=return-type -Werror=non-virtual-dtor -Werror=address -Werror=sequence-point -Wformat -Werror=format-security -Wmissing-declarations -Wmissing-prototypes -Wstrict-prototypes -Wundef -Winit-self -Wpointer-arith -Wshadow -Wsign-promo -Wuninitialized -Winit-self -Wno-delete-non-virtual-dtor -Wno-unnamed-type-template-args -Wno-comment -Wno-deprecated-enum-enum-conversion -Wno-deprecated-anon-enum-enum-conversion -fdiagnostics-show-option -Qunused-arguments -Wno-semicolon-before-method-body -ffunction-sections -fdata-sections    -fvisibility=hidden -fvisibility-inlines-hidden  -O3 -DNDEBUG  -DNDEBUG -arch arm64 -isysroot /Library/Developer/CommandLineTools/SDKs/MacOSX12.1.sdk -Wl,-search_paths_first -Wl,-headerpad_max_install_names   -Wl,-dead_strip  CMakeFiles/cmTC_d0b35.dir/SIZEOF_UNSIGNED_LONG_LONG.c.o -o cmTC_d0b35 



Determining size of unsigned char * passed with the following output:
Change Dir: /Users/kshitiz2000/desktop/pythonpro/opencv-4.5.0/build/CMakeFiles/CMakeTmp

Run Build Command(s):/usr/bin/make -f Makefile cmTC_5c3e1/fast && /Library/Developer/CommandLineTools/usr/bin/make  -f CMakeFiles/cmTC_5c3e1.dir/build.make CMakeFiles/cmTC_5c3e1.dir/build
Building C object CMakeFiles/cmTC_5c3e1.dir/SIZEOF_UNSIGNED_CHAR_P.c.o
/Library/Developer/CommandLineTools/usr/bin/cc   -fsigned-char -W -Wall -Werror=return-type -Werror=non-virtual-dtor -Werror=address -Werror=sequence-point -Wformat -Werror=format-security -Wmissing-declarations -Wmissing-prototypes -Wstrict-prototypes -Wundef -Winit-self -Wpointer-arith -Wshadow -Wsign-promo -Wuninitialized -Winit-self -Wno-delete-non-virtual-dtor -Wno-unnamed-type-template-args -Wno-comment -Wno-deprecated-enum-enum-conversion -Wno-deprecated-anon-enum-enum-conversion -fdiagnostics-show-option -Qunused-arguments -Wno-semicolon-before-method-body -ffunction-sections -fdata-sections    -fvisibility=hidden -fvisibility-inlines-hidden  -O3 -DNDEBUG  -DNDEBUG -arch arm64 -isysroot /Library/Developer/CommandLineTools/SDKs/MacOSX12.1.sdk -fPIE -MD -MT CMakeFiles/cmTC_5c3e1.dir/SIZEOF_UNSIGNED_CHAR_P.c.o -MF CMakeFiles/cmTC_5c3e1.dir/SIZEOF_UNSIGNED_CHAR_P.c.o.d -o CMakeFiles/cmTC_5c3e1.dir/SIZEOF_UNSIGNED_CHAR_P.c.o -c /Users/kshitiz2000/desktop/pythonpro/opencv-4.5.0/build/CMakeFiles/CheckTypeSize/SIZEOF_UNSIGNED_CHAR_P.c
Linking C executable cmTC_5c3e1
/opt/homebrew/Cellar/cmake/3.22.2/bin/cmake -E cmake_link_script CMakeFiles/cmTC_5c3e1.dir/link.txt --verbose=1
/Library/Developer/CommandLineTools/usr/bin/cc    -fsigned-char -W -Wall -Werror=return-type -Werror=non-virtual-dtor -Werror=address -Werror=sequence-point -Wformat -Werror=format-security -Wmissing-declarations -Wmissing-prototypes -Wstrict-prototypes -Wundef -Winit-self -Wpointer-arith -Wshadow -Wsign-promo -Wuninitialized -Winit-self -Wno-delete-non-virtual-dtor -Wno-unnamed-type-template-args -Wno-comment -Wno-deprecated-enum-enum-conversion -Wno-deprecated-anon-enum-enum-conversion -fdiagnostics-show-option -Qunused-arguments -Wno-semicolon-before-method-body -ffunction-sections -fdata-sections    -fvisibility=hidden -fvisibility-inlines-hidden  -O3 -DNDEBUG  -DNDEBUG -arch arm64 -isysroot /Library/Developer/CommandLineTools/SDKs/MacOSX12.1.sdk -Wl,-search_paths_first -Wl,-headerpad_max_install_names   -Wl,-dead_strip  CMakeFiles/cmTC_5c3e1.dir/SIZEOF_UNSIGNED_CHAR_P.c.o -o cmTC_5c3e1 



Determining size of ptrdiff_t passed with the following output:
Change Dir: /Users/kshitiz2000/desktop/pythonpro/opencv-4.5.0/build/CMakeFiles/CMakeTmp

Run Build Command(s):/usr/bin/make -f Makefile cmTC_6fe98/fast && /Library/Developer/CommandLineTools/usr/bin/make  -f CMakeFiles/cmTC_6fe98.dir/build.make CMakeFiles/cmTC_6fe98.dir/build
Building C object CMakeFiles/cmTC_6fe98.dir/SIZEOF_PTRDIFF_T.c.o
/Library/Developer/CommandLineTools/usr/bin/cc   -fsigned-char -W -Wall -Werror=return-type -Werror=non-virtual-dtor -Werror=address -Werror=sequence-point -Wformat -Werror=format-security -Wmissing-declarations -Wmissing-prototypes -Wstrict-prototypes -Wundef -Winit-self -Wpointer-arith -Wshadow -Wsign-promo -Wuninitialized -Winit-self -Wno-delete-non-virtual-dtor -Wno-unnamed-type-template-args -Wno-comment -Wno-deprecated-enum-enum-conversion -Wno-deprecated-anon-enum-enum-conversion -fdiagnostics-show-option -Qunused-arguments -Wno-semicolon-before-method-body -ffunction-sections -fdata-sections    -fvisibility=hidden -fvisibility-inlines-hidden  -O3 -DNDEBUG  -DNDEBUG -arch arm64 -isysroot /Library/Developer/CommandLineTools/SDKs/MacOSX12.1.sdk -fPIE -MD -MT CMakeFiles/cmTC_6fe98.dir/SIZEOF_PTRDIFF_T.c.o -MF CMakeFiles/cmTC_6fe98.dir/SIZEOF_PTRDIFF_T.c.o.d -o CMakeFiles/cmTC_6fe98.dir/SIZEOF_PTRDIFF_T.c.o -c /Users/kshitiz2000/desktop/pythonpro/opencv-4.5.0/build/CMakeFiles/CheckTypeSize/SIZEOF_PTRDIFF_T.c
Linking C executable cmTC_6fe98
/opt/homebrew/Cellar/cmake/3.22.2/bin/cmake -E cmake_link_script CMakeFiles/cmTC_6fe98.dir/link.txt --verbose=1
/Library/Developer/CommandLineTools/usr/bin/cc    -fsigned-char -W -Wall -Werror=return-type -Werror=non-virtual-dtor -Werror=address -Werror=sequence-point -Wformat -Werror=format-security -Wmissing-declarations -Wmissing-prototypes -Wstrict-prototypes -Wundef -Winit-self -Wpointer-arith -Wshadow -Wsign-promo -Wuninitialized -Winit-self -Wno-delete-non-virtual-dtor -Wno-unnamed-type-template-args -Wno-comment -Wno-deprecated-enum-enum-conversion -Wno-deprecated-anon-enum-enum-conversion -fdiagnostics-show-option -Qunused-arguments -Wno-semicolon-before-method-body -ffunction-sections -fdata-sections    -fvisibility=hidden -fvisibility-inlines-hidden  -O3 -DNDEBUG  -DNDEBUG -arch arm64 -isysroot /Library/Developer/CommandLineTools/SDKs/MacOSX12.1.sdk -Wl,-search_paths_first -Wl,-headerpad_max_install_names   -Wl,-dead_strip  CMakeFiles/cmTC_6fe98.dir/SIZEOF_PTRDIFF_T.c.o -o cmTC_6fe98 



Determining if the function floor exists passed with the following output:
Change Dir: /Users/kshitiz2000/desktop/pythonpro/opencv-4.5.0/build/CMakeFiles/CMakeTmp

Run Build Command(s):/usr/bin/make -f Makefile cmTC_ccfe8/fast && /Library/Developer/CommandLineTools/usr/bin/make  -f CMakeFiles/cmTC_ccfe8.dir/build.make CMakeFiles/cmTC_ccfe8.dir/build
Building C object CMakeFiles/cmTC_ccfe8.dir/CheckFunctionExists.c.o
/Library/Developer/CommandLineTools/usr/bin/cc   -fsigned-char -W -Wall -Werror=return-type -Werror=non-virtual-dtor -Werror=address -Werror=sequence-point -Wformat -Werror=format-security -Wmissing-declarations -Wmissing-prototypes -Wstrict-prototypes -Wundef -Winit-self -Wpointer-arith -Wshadow -Wsign-promo -Wuninitialized -Winit-self -Wno-delete-non-virtual-dtor -Wno-unnamed-type-template-args -Wno-comment -Wno-deprecated-enum-enum-conversion -Wno-deprecated-anon-enum-enum-conversion -fdiagnostics-show-option -Qunused-arguments -Wno-semicolon-before-method-body -ffunction-sections -fdata-sections    -fvisibility=hidden -fvisibility-inlines-hidden -DCHECK_FUNCTION_EXISTS=floor -O3 -DNDEBUG  -DNDEBUG -arch arm64 -isysroot /Library/Developer/CommandLineTools/SDKs/MacOSX12.1.sdk -fPIE -MD -MT CMakeFiles/cmTC_ccfe8.dir/CheckFunctionExists.c.o -MF CMakeFiles/cmTC_ccfe8.dir/CheckFunctionExists.c.o.d -o CMakeFiles/cmTC_ccfe8.dir/CheckFunctionExists.c.o -c /opt/homebrew/Cellar/cmake/3.22.2/share/cmake/Modules/CheckFunctionExists.c
/opt/homebrew/Cellar/cmake/3.22.2/share/cmake/Modules/CheckFunctionExists.c:7:3: warning: incompatible redeclaration of library function 'floor' [-Wincompatible-library-redeclaration]
  CHECK_FUNCTION_EXISTS(void);
  ^
<command line>:1:31: note: expanded from here
#define CHECK_FUNCTION_EXISTS floor
                              ^
/opt/homebrew/Cellar/cmake/3.22.2/share/cmake/Modules/CheckFunctionExists.c:7:3: note: 'floor' is a builtin with type 'double (double)'
<command line>:1:31: note: expanded from here
#define CHECK_FUNCTION_EXISTS floor
                              ^
1 warning generated.
Linking C executable cmTC_ccfe8
/opt/homebrew/Cellar/cmake/3.22.2/bin/cmake -E cmake_link_script CMakeFiles/cmTC_ccfe8.dir/link.txt --verbose=1
/Library/Developer/CommandLineTools/usr/bin/cc    -fsigned-char -W -Wall -Werror=return-type -Werror=non-virtual-dtor -Werror=address -Werror=sequence-point -Wformat -Werror=format-security -Wmissing-declarations -Wmissing-prototypes -Wstrict-prototypes -Wundef -Winit-self -Wpointer-arith -Wshadow -Wsign-promo -Wuninitialized -Winit-self -Wno-delete-non-virtual-dtor -Wno-unnamed-type-template-args -Wno-comment -Wno-deprecated-enum-enum-conversion -Wno-deprecated-anon-enum-enum-conversion -fdiagnostics-show-option -Qunused-arguments -Wno-semicolon-before-method-body -ffunction-sections -fdata-sections    -fvisibility=hidden -fvisibility-inlines-hidden -DCHECK_FUNCTION_EXISTS=floor -O3 -DNDEBUG  -DNDEBUG -arch arm64 -isysroot /Library/Developer/CommandLineTools/SDKs/MacOSX12.1.sdk -Wl,-search_paths_first -Wl,-headerpad_max_install_names   -Wl,-dead_strip  CMakeFiles/cmTC_ccfe8.dir/CheckFunctionExists.c.o -o cmTC_ccfe8  /Library/Developer/CommandLineTools/SDKs/MacOSX12.1.sdk/usr/lib/libm.tbd 



Determining if the function pow exists passed with the following output:
Change Dir: /Users/kshitiz2000/desktop/pythonpro/opencv-4.5.0/build/CMakeFiles/CMakeTmp

Run Build Command(s):/usr/bin/make -f Makefile cmTC_9291d/fast && /Library/Developer/CommandLineTools/usr/bin/make  -f CMakeFiles/cmTC_9291d.dir/build.make CMakeFiles/cmTC_9291d.dir/build
Building C object CMakeFiles/cmTC_9291d.dir/CheckFunctionExists.c.o
/Library/Developer/CommandLineTools/usr/bin/cc   -fsigned-char -W -Wall -Werror=return-type -Werror=non-virtual-dtor -Werror=address -Werror=sequence-point -Wformat -Werror=format-security -Wmissing-declarations -Wmissing-prototypes -Wstrict-prototypes -Wundef -Winit-self -Wpointer-arith -Wshadow -Wsign-promo -Wuninitialized -Winit-self -Wno-delete-non-virtual-dtor -Wno-unnamed-type-template-args -Wno-comment -Wno-deprecated-enum-enum-conversion -Wno-deprecated-anon-enum-enum-conversion -fdiagnostics-show-option -Qunused-arguments -Wno-semicolon-before-method-body -ffunction-sections -fdata-sections    -fvisibility=hidden -fvisibility-inlines-hidden -DCHECK_FUNCTION_EXISTS=pow -O3 -DNDEBUG  -DNDEBUG -arch arm64 -isysroot /Library/Developer/CommandLineTools/SDKs/MacOSX12.1.sdk -fPIE -MD -MT CMakeFiles/cmTC_9291d.dir/CheckFunctionExists.c.o -MF CMakeFiles/cmTC_9291d.dir/CheckFunctionExists.c.o.d -o CMakeFiles/cmTC_9291d.dir/CheckFunctionExists.c.o -c /opt/homebrew/Cellar/cmake/3.22.2/share/cmake/Modules/CheckFunctionExists.c
/opt/homebrew/Cellar/cmake/3.22.2/share/cmake/Modules/CheckFunctionExists.c:7:3: warning: incompatible redeclaration of library function 'pow' [-Wincompatible-library-redeclaration]
  CHECK_FUNCTION_EXISTS(void);
  ^
<command line>:1:31: note: expanded from here
#define CHECK_FUNCTION_EXISTS pow
                              ^
/opt/homebrew/Cellar/cmake/3.22.2/share/cmake/Modules/CheckFunctionExists.c:7:3: note: 'pow' is a builtin with type 'double (double, double)'
<command line>:1:31: note: expanded from here
#define CHECK_FUNCTION_EXISTS pow
                              ^
1 warning generated.
Linking C executable cmTC_9291d
/opt/homebrew/Cellar/cmake/3.22.2/bin/cmake -E cmake_link_script CMakeFiles/cmTC_9291d.dir/link.txt --verbose=1
/Library/Developer/CommandLineTools/usr/bin/cc    -fsigned-char -W -Wall -Werror=return-type -Werror=non-virtual-dtor -Werror=address -Werror=sequence-point -Wformat -Werror=format-security -Wmissing-declarations -Wmissing-prototypes -Wstrict-prototypes -Wundef -Winit-self -Wpointer-arith -Wshadow -Wsign-promo -Wuninitialized -Winit-self -Wno-delete-non-virtual-dtor -Wno-unnamed-type-template-args -Wno-comment -Wno-deprecated-enum-enum-conversion -Wno-deprecated-anon-enum-enum-conversion -fdiagnostics-show-option -Qunused-arguments -Wno-semicolon-before-method-body -ffunction-sections -fdata-sections    -fvisibility=hidden -fvisibility-inlines-hidden -DCHECK_FUNCTION_EXISTS=pow -O3 -DNDEBUG  -DNDEBUG -arch arm64 -isysroot /Library/Developer/CommandLineTools/SDKs/MacOSX12.1.sdk -Wl,-search_paths_first -Wl,-headerpad_max_install_names   -Wl,-dead_strip  CMakeFiles/cmTC_9291d.dir/CheckFunctionExists.c.o -o cmTC_9291d  /Library/Developer/CommandLineTools/SDKs/MacOSX12.1.sdk/usr/lib/libm.tbd 



Determining if the function sqrt exists passed with the following output:
Change Dir: /Users/kshitiz2000/desktop/pythonpro/opencv-4.5.0/build/CMakeFiles/CMakeTmp

Run Build Command(s):/usr/bin/make -f Makefile cmTC_0e0c4/fast && /Library/Developer/CommandLineTools/usr/bin/make  -f CMakeFiles/cmTC_0e0c4.dir/build.make CMakeFiles/cmTC_0e0c4.dir/build
Building C object CMakeFiles/cmTC_0e0c4.dir/CheckFunctionExists.c.o
/Library/Developer/CommandLineTools/usr/bin/cc   -fsigned-char -W -Wall -Werror=return-type -Werror=non-virtual-dtor -Werror=address -Werror=sequence-point -Wformat -Werror=format-security -Wmissing-declarations -Wmissing-prototypes -Wstrict-prototypes -Wundef -Winit-self -Wpointer-arith -Wshadow -Wsign-promo -Wuninitialized -Winit-self -Wno-delete-non-virtual-dtor -Wno-unnamed-type-template-args -Wno-comment -Wno-deprecated-enum-enum-conversion -Wno-deprecated-anon-enum-enum-conversion -fdiagnostics-show-option -Qunused-arguments -Wno-semicolon-before-method-body -ffunction-sections -fdata-sections    -fvisibility=hidden -fvisibility-inlines-hidden -DCHECK_FUNCTION_EXISTS=sqrt -O3 -DNDEBUG  -DNDEBUG -arch arm64 -isysroot /Library/Developer/CommandLineTools/SDKs/MacOSX12.1.sdk -fPIE -MD -MT CMakeFiles/cmTC_0e0c4.dir/CheckFunctionExists.c.o -MF CMakeFiles/cmTC_0e0c4.dir/CheckFunctionExists.c.o.d -o CMakeFiles/cmTC_0e0c4.dir/CheckFunctionExists.c.o -c /opt/homebrew/Cellar/cmake/3.22.2/share/cmake/Modules/CheckFunctionExists.c
/opt/homebrew/Cellar/cmake/3.22.2/share/cmake/Modules/CheckFunctionExists.c:7:3: warning: incompatible redeclaration of library function 'sqrt' [-Wincompatible-library-redeclaration]
  CHECK_FUNCTION_EXISTS(void);
  ^
<command line>:1:31: note: expanded from here
#define CHECK_FUNCTION_EXISTS sqrt
                              ^
/opt/homebrew/Cellar/cmake/3.22.2/share/cmake/Modules/CheckFunctionExists.c:7:3: note: 'sqrt' is a builtin with type 'double (double)'
<command line>:1:31: note: expanded from here
#define CHECK_FUNCTION_EXISTS sqrt
                              ^
1 warning generated.
Linking C executable cmTC_0e0c4
/opt/homebrew/Cellar/cmake/3.22.2/bin/cmake -E cmake_link_script CMakeFiles/cmTC_0e0c4.dir/link.txt --verbose=1
/Library/Developer/CommandLineTools/usr/bin/cc    -fsigned-char -W -Wall -Werror=return-type -Werror=non-virtual-dtor -Werror=address -Werror=sequence-point -Wformat -Werror=format-security -Wmissing-declarations -Wmissing-prototypes -Wstrict-prototypes -Wundef -Winit-self -Wpointer-arith -Wshadow -Wsign-promo -Wuninitialized -Winit-self -Wno-delete-non-virtual-dtor -Wno-unnamed-type-template-args -Wno-comment -Wno-deprecated-enum-enum-conversion -Wno-deprecated-anon-enum-enum-conversion -fdiagnostics-show-option -Qunused-arguments -Wno-semicolon-before-method-body -ffunction-sections -fdata-sections    -fvisibility=hidden -fvisibility-inlines-hidden -DCHECK_FUNCTION_EXISTS=sqrt -O3 -DNDEBUG  -DNDEBUG -arch arm64 -isysroot /Library/Developer/CommandLineTools/SDKs/MacOSX12.1.sdk -Wl,-search_paths_first -Wl,-headerpad_max_install_names   -Wl,-dead_strip  CMakeFiles/cmTC_0e0c4.dir/CheckFunctionExists.c.o -o cmTC_0e0c4  /Library/Developer/CommandLineTools/SDKs/MacOSX12.1.sdk/usr/lib/libm.tbd 



Determining if the function isascii exists passed with the following output:
Change Dir: /Users/kshitiz2000/desktop/pythonpro/opencv-4.5.0/build/CMakeFiles/CMakeTmp

Run Build Command(s):/usr/bin/make -f Makefile cmTC_74543/fast && /Library/Developer/CommandLineTools/usr/bin/make  -f CMakeFiles/cmTC_74543.dir/build.make CMakeFiles/cmTC_74543.dir/build
Building C object CMakeFiles/cmTC_74543.dir/CheckFunctionExists.c.o
/Library/Developer/CommandLineTools/usr/bin/cc   -fsigned-char -W -Wall -Werror=return-type -Werror=non-virtual-dtor -Werror=address -Werror=sequence-point -Wformat -Werror=format-security -Wmissing-declarations -Wmissing-prototypes -Wstrict-prototypes -Wundef -Winit-self -Wpointer-arith -Wshadow -Wsign-promo -Wuninitialized -Winit-self -Wno-delete-non-virtual-dtor -Wno-unnamed-type-template-args -Wno-comment -Wno-deprecated-enum-enum-conversion -Wno-deprecated-anon-enum-enum-conversion -fdiagnostics-show-option -Qunused-arguments -Wno-semicolon-before-method-body -ffunction-sections -fdata-sections    -fvisibility=hidden -fvisibility-inlines-hidden -DCHECK_FUNCTION_EXISTS=isascii -O3 -DNDEBUG  -DNDEBUG -arch arm64 -isysroot /Library/Developer/CommandLineTools/SDKs/MacOSX12.1.sdk -fPIE -MD -MT CMakeFiles/cmTC_74543.dir/CheckFunctionExists.c.o -MF CMakeFiles/cmTC_74543.dir/CheckFunctionExists.c.o.d -o CMakeFiles/cmTC_74543.dir/CheckFunctionExists.c.o -c /opt/homebrew/Cellar/cmake/3.22.2/share/cmake/Modules/CheckFunctionExists.c
Linking C executable cmTC_74543
/opt/homebrew/Cellar/cmake/3.22.2/bin/cmake -E cmake_link_script CMakeFiles/cmTC_74543.dir/link.txt --verbose=1
/Library/Developer/CommandLineTools/usr/bin/cc    -fsigned-char -W -Wall -Werror=return-type -Werror=non-virtual-dtor -Werror=address -Werror=sequence-point -Wformat -Werror=format-security -Wmissing-declarations -Wmissing-prototypes -Wstrict-prototypes -Wundef -Winit-self -Wpointer-arith -Wshadow -Wsign-promo -Wuninitialized -Winit-self -Wno-delete-non-virtual-dtor -Wno-unnamed-type-template-args -Wno-comment -Wno-deprecated-enum-enum-conversion -Wno-deprecated-anon-enum-enum-conversion -fdiagnostics-show-option -Qunused-arguments -Wno-semicolon-before-method-body -ffunction-sections -fdata-sections    -fvisibility=hidden -fvisibility-inlines-hidden -DCHECK_FUNCTION_EXISTS=isascii -O3 -DNDEBUG  -DNDEBUG -arch arm64 -isysroot /Library/Developer/CommandLineTools/SDKs/MacOSX12.1.sdk -Wl,-search_paths_first -Wl,-headerpad_max_install_names   -Wl,-dead_strip  CMakeFiles/cmTC_74543.dir/CheckFunctionExists.c.o -o cmTC_74543 



Determining if the function memset exists passed with the following output:
Change Dir: /Users/kshitiz2000/desktop/pythonpro/opencv-4.5.0/build/CMakeFiles/CMakeTmp

Run Build Command(s):/usr/bin/make -f Makefile cmTC_75baf/fast && /Library/Developer/CommandLineTools/usr/bin/make  -f CMakeFiles/cmTC_75baf.dir/build.make CMakeFiles/cmTC_75baf.dir/build
Building C object CMakeFiles/cmTC_75baf.dir/CheckFunctionExists.c.o
/Library/Developer/CommandLineTools/usr/bin/cc   -fsigned-char -W -Wall -Werror=return-type -Werror=non-virtual-dtor -Werror=address -Werror=sequence-point -Wformat -Werror=format-security -Wmissing-declarations -Wmissing-prototypes -Wstrict-prototypes -Wundef -Winit-self -Wpointer-arith -Wshadow -Wsign-promo -Wuninitialized -Winit-self -Wno-delete-non-virtual-dtor -Wno-unnamed-type-template-args -Wno-comment -Wno-deprecated-enum-enum-conversion -Wno-deprecated-anon-enum-enum-conversion -fdiagnostics-show-option -Qunused-arguments -Wno-semicolon-before-method-body -ffunction-sections -fdata-sections    -fvisibility=hidden -fvisibility-inlines-hidden -DCHECK_FUNCTION_EXISTS=memset -O3 -DNDEBUG  -DNDEBUG -arch arm64 -isysroot /Library/Developer/CommandLineTools/SDKs/MacOSX12.1.sdk -fPIE -MD -MT CMakeFiles/cmTC_75baf.dir/CheckFunctionExists.c.o -MF CMakeFiles/cmTC_75baf.dir/CheckFunctionExists.c.o.d -o CMakeFiles/cmTC_75baf.dir/CheckFunctionExists.c.o -c /opt/homebrew/Cellar/cmake/3.22.2/share/cmake/Modules/CheckFunctionExists.c
/opt/homebrew/Cellar/cmake/3.22.2/share/cmake/Modules/CheckFunctionExists.c:7:3: warning: incompatible redeclaration of library function 'memset' [-Wincompatible-library-redeclaration]
  CHECK_FUNCTION_EXISTS(void);
  ^
<command line>:1:31: note: expanded from here
#define CHECK_FUNCTION_EXISTS memset
                              ^
/opt/homebrew/Cellar/cmake/3.22.2/share/cmake/Modules/CheckFunctionExists.c:7:3: note: 'memset' is a builtin with type 'void *(void *, int, unsigned long)'
<command line>:1:31: note: expanded from here
#define CHECK_FUNCTION_EXISTS memset
                              ^
1 warning generated.
Linking C executable cmTC_75baf
/opt/homebrew/Cellar/cmake/3.22.2/bin/cmake -E cmake_link_script CMakeFiles/cmTC_75baf.dir/link.txt --verbose=1
/Library/Developer/CommandLineTools/usr/bin/cc    -fsigned-char -W -Wall -Werror=return-type -Werror=non-virtual-dtor -Werror=address -Werror=sequence-point -Wformat -Werror=format-security -Wmissing-declarations -Wmissing-prototypes -Wstrict-prototypes -Wundef -Winit-self -Wpointer-arith -Wshadow -Wsign-promo -Wuninitialized -Winit-self -Wno-delete-non-virtual-dtor -Wno-unnamed-type-template-args -Wno-comment -Wno-deprecated-enum-enum-conversion -Wno-deprecated-anon-enum-enum-conversion -fdiagnostics-show-option -Qunused-arguments -Wno-semicolon-before-method-body -ffunction-sections -fdata-sections    -fvisibility=hidden -fvisibility-inlines-hidden -DCHECK_FUNCTION_EXISTS=memset -O3 -DNDEBUG  -DNDEBUG -arch arm64 -isysroot /Library/Developer/CommandLineTools/SDKs/MacOSX12.1.sdk -Wl,-search_paths_first -Wl,-headerpad_max_install_names   -Wl,-dead_strip  CMakeFiles/cmTC_75baf.dir/CheckFunctionExists.c.o -o cmTC_75baf 



Determining if the function mmap exists passed with the following output:
Change Dir: /Users/kshitiz2000/desktop/pythonpro/opencv-4.5.0/build/CMakeFiles/CMakeTmp

Run Build Command(s):/usr/bin/make -f Makefile cmTC_a8967/fast && /Library/Developer/CommandLineTools/usr/bin/make  -f CMakeFiles/cmTC_a8967.dir/build.make CMakeFiles/cmTC_a8967.dir/build
Building C object CMakeFiles/cmTC_a8967.dir/CheckFunctionExists.c.o
/Library/Developer/CommandLineTools/usr/bin/cc   -fsigned-char -W -Wall -Werror=return-type -Werror=non-virtual-dtor -Werror=address -Werror=sequence-point -Wformat -Werror=format-security -Wmissing-declarations -Wmissing-prototypes -Wstrict-prototypes -Wundef -Winit-self -Wpointer-arith -Wshadow -Wsign-promo -Wuninitialized -Winit-self -Wno-delete-non-virtual-dtor -Wno-unnamed-type-template-args -Wno-comment -Wno-deprecated-enum-enum-conversion -Wno-deprecated-anon-enum-enum-conversion -fdiagnostics-show-option -Qunused-arguments -Wno-semicolon-before-method-body -ffunction-sections -fdata-sections    -fvisibility=hidden -fvisibility-inlines-hidden -DCHECK_FUNCTION_EXISTS=mmap -O3 -DNDEBUG  -DNDEBUG -arch arm64 -isysroot /Library/Developer/CommandLineTools/SDKs/MacOSX12.1.sdk -fPIE -MD -MT CMakeFiles/cmTC_a8967.dir/CheckFunctionExists.c.o -MF CMakeFiles/cmTC_a8967.dir/CheckFunctionExists.c.o.d -o CMakeFiles/cmTC_a8967.dir/CheckFunctionExists.c.o -c /opt/homebrew/Cellar/cmake/3.22.2/share/cmake/Modules/CheckFunctionExists.c
Linking C executable cmTC_a8967
/opt/homebrew/Cellar/cmake/3.22.2/bin/cmake -E cmake_link_script CMakeFiles/cmTC_a8967.dir/link.txt --verbose=1
/Library/Developer/CommandLineTools/usr/bin/cc    -fsigned-char -W -Wall -Werror=return-type -Werror=non-virtual-dtor -Werror=address -Werror=sequence-point -Wformat -Werror=format-security -Wmissing-declarations -Wmissing-prototypes -Wstrict-prototypes -Wundef -Winit-self -Wpointer-arith -Wshadow -Wsign-promo -Wuninitialized -Winit-self -Wno-delete-non-virtual-dtor -Wno-unnamed-type-template-args -Wno-comment -Wno-deprecated-enum-enum-conversion -Wno-deprecated-anon-enum-enum-conversion -fdiagnostics-show-option -Qunused-arguments -Wno-semicolon-before-method-body -ffunction-sections -fdata-sections    -fvisibility=hidden -fvisibility-inlines-hidden -DCHECK_FUNCTION_EXISTS=mmap -O3 -DNDEBUG  -DNDEBUG -arch arm64 -isysroot /Library/Developer/CommandLineTools/SDKs/MacOSX12.1.sdk -Wl,-search_paths_first -Wl,-headerpad_max_install_names   -Wl,-dead_strip  CMakeFiles/cmTC_a8967.dir/CheckFunctionExists.c.o -o cmTC_a8967 



Determining if the function getopt exists passed with the following output:
Change Dir: /Users/kshitiz2000/desktop/pythonpro/opencv-4.5.0/build/CMakeFiles/CMakeTmp

Run Build Command(s):/usr/bin/make -f Makefile cmTC_ffd88/fast && /Library/Developer/CommandLineTools/usr/bin/make  -f CMakeFiles/cmTC_ffd88.dir/build.make CMakeFiles/cmTC_ffd88.dir/build
Building C object CMakeFiles/cmTC_ffd88.dir/CheckFunctionExists.c.o
/Library/Developer/CommandLineTools/usr/bin/cc   -fsigned-char -W -Wall -Werror=return-type -Werror=non-virtual-dtor -Werror=address -Werror=sequence-point -Wformat -Werror=format-security -Wmissing-declarations -Wmissing-prototypes -Wstrict-prototypes -Wundef -Winit-self -Wpointer-arith -Wshadow -Wsign-promo -Wuninitialized -Winit-self -Wno-delete-non-virtual-dtor -Wno-unnamed-type-template-args -Wno-comment -Wno-deprecated-enum-enum-conversion -Wno-deprecated-anon-enum-enum-conversion -fdiagnostics-show-option -Qunused-arguments -Wno-semicolon-before-method-body -ffunction-sections -fdata-sections    -fvisibility=hidden -fvisibility-inlines-hidden -DCHECK_FUNCTION_EXISTS=getopt -O3 -DNDEBUG  -DNDEBUG -arch arm64 -isysroot /Library/Developer/CommandLineTools/SDKs/MacOSX12.1.sdk -fPIE -MD -MT CMakeFiles/cmTC_ffd88.dir/CheckFunctionExists.c.o -MF CMakeFiles/cmTC_ffd88.dir/CheckFunctionExists.c.o.d -o CMakeFiles/cmTC_ffd88.dir/CheckFunctionExists.c.o -c /opt/homebrew/Cellar/cmake/3.22.2/share/cmake/Modules/CheckFunctionExists.c
Linking C executable cmTC_ffd88
/opt/homebrew/Cellar/cmake/3.22.2/bin/cmake -E cmake_link_script CMakeFiles/cmTC_ffd88.dir/link.txt --verbose=1
/Library/Developer/CommandLineTools/usr/bin/cc    -fsigned-char -W -Wall -Werror=return-type -Werror=non-virtual-dtor -Werror=address -Werror=sequence-point -Wformat -Werror=format-security -Wmissing-declarations -Wmissing-prototypes -Wstrict-prototypes -Wundef -Winit-self -Wpointer-arith -Wshadow -Wsign-promo -Wuninitialized -Winit-self -Wno-delete-non-virtual-dtor -Wno-unnamed-type-template-args -Wno-comment -Wno-deprecated-enum-enum-conversion -Wno-deprecated-anon-enum-enum-conversion -fdiagnostics-show-option -Qunused-arguments -Wno-semicolon-before-method-body -ffunction-sections -fdata-sections    -fvisibility=hidden -fvisibility-inlines-hidden -DCHECK_FUNCTION_EXISTS=getopt -O3 -DNDEBUG  -DNDEBUG -arch arm64 -isysroot /Library/Developer/CommandLineTools/SDKs/MacOSX12.1.sdk -Wl,-search_paths_first -Wl,-headerpad_max_install_names   -Wl,-dead_strip  CMakeFiles/cmTC_ffd88.dir/CheckFunctionExists.c.o -o cmTC_ffd88 



Determining if the function memmove exists passed with the following output:
Change Dir: /Users/kshitiz2000/desktop/pythonpro/opencv-4.5.0/build/CMakeFiles/CMakeTmp

Run Build Command(s):/usr/bin/make -f Makefile cmTC_44a01/fast && /Library/Developer/CommandLineTools/usr/bin/make  -f CMakeFiles/cmTC_44a01.dir/build.make CMakeFiles/cmTC_44a01.dir/build
Building C object CMakeFiles/cmTC_44a01.dir/CheckFunctionExists.c.o
/Library/Developer/CommandLineTools/usr/bin/cc   -fsigned-char -W -Wall -Werror=return-type -Werror=non-virtual-dtor -Werror=address -Werror=sequence-point -Wformat -Werror=format-security -Wmissing-declarations -Wmissing-prototypes -Wstrict-prototypes -Wundef -Winit-self -Wpointer-arith -Wshadow -Wsign-promo -Wuninitialized -Winit-self -Wno-delete-non-virtual-dtor -Wno-unnamed-type-template-args -Wno-comment -Wno-deprecated-enum-enum-conversion -Wno-deprecated-anon-enum-enum-conversion -fdiagnostics-show-option -Qunused-arguments -Wno-semicolon-before-method-body -ffunction-sections -fdata-sections    -fvisibility=hidden -fvisibility-inlines-hidden -DCHECK_FUNCTION_EXISTS=memmove -O3 -DNDEBUG  -DNDEBUG -arch arm64 -isysroot /Library/Developer/CommandLineTools/SDKs/MacOSX12.1.sdk -fPIE -MD -MT CMakeFiles/cmTC_44a01.dir/CheckFunctionExists.c.o -MF CMakeFiles/cmTC_44a01.dir/CheckFunctionExists.c.o.d -o CMakeFiles/cmTC_44a01.dir/CheckFunctionExists.c.o -c /opt/homebrew/Cellar/cmake/3.22.2/share/cmake/Modules/CheckFunctionExists.c
/opt/homebrew/Cellar/cmake/3.22.2/share/cmake/Modules/CheckFunctionExists.c:7:3: warning: incompatible redeclaration of library function 'memmove' [-Wincompatible-library-redeclaration]
  CHECK_FUNCTION_EXISTS(void);
  ^
<command line>:1:31: note: expanded from here
#define CHECK_FUNCTION_EXISTS memmove
                              ^
/opt/homebrew/Cellar/cmake/3.22.2/share/cmake/Modules/CheckFunctionExists.c:7:3: note: 'memmove' is a builtin with type 'void *(void *, const void *, unsigned long)'
<command line>:1:31: note: expanded from here
#define CHECK_FUNCTION_EXISTS memmove
                              ^
1 warning generated.
Linking C executable cmTC_44a01
/opt/homebrew/Cellar/cmake/3.22.2/bin/cmake -E cmake_link_script CMakeFiles/cmTC_44a01.dir/link.txt --verbose=1
/Library/Developer/CommandLineTools/usr/bin/cc    -fsigned-char -W -Wall -Werror=return-type -Werror=non-virtual-dtor -Werror=address -Werror=sequence-point -Wformat -Werror=format-security -Wmissing-declarations -Wmissing-prototypes -Wstrict-prototypes -Wundef -Winit-self -Wpointer-arith -Wshadow -Wsign-promo -Wuninitialized -Winit-self -Wno-delete-non-virtual-dtor -Wno-unnamed-type-template-args -Wno-comment -Wno-deprecated-enum-enum-conversion -Wno-deprecated-anon-enum-enum-conversion -fdiagnostics-show-option -Qunused-arguments -Wno-semicolon-before-method-body -ffunction-sections -fdata-sections    -fvisibility=hidden -fvisibility-inlines-hidden -DCHECK_FUNCTION_EXISTS=memmove -O3 -DNDEBUG  -DNDEBUG -arch arm64 -isysroot /Library/Developer/CommandLineTools/SDKs/MacOSX12.1.sdk -Wl,-search_paths_first -Wl,-headerpad_max_install_names   -Wl,-dead_strip  CMakeFiles/cmTC_44a01.dir/CheckFunctionExists.c.o -o cmTC_44a01 



Determining if the function setmode exists passed with the following output:
Change Dir: /Users/kshitiz2000/desktop/pythonpro/opencv-4.5.0/build/CMakeFiles/CMakeTmp

Run Build Command(s):/usr/bin/make -f Makefile cmTC_8b385/fast && /Library/Developer/CommandLineTools/usr/bin/make  -f CMakeFiles/cmTC_8b385.dir/build.make CMakeFiles/cmTC_8b385.dir/build
Building C object CMakeFiles/cmTC_8b385.dir/CheckFunctionExists.c.o
/Library/Developer/CommandLineTools/usr/bin/cc   -fsigned-char -W -Wall -Werror=return-type -Werror=non-virtual-dtor -Werror=address -Werror=sequence-point -Wformat -Werror=format-security -Wmissing-declarations -Wmissing-prototypes -Wstrict-prototypes -Wundef -Winit-self -Wpointer-arith -Wshadow -Wsign-promo -Wuninitialized -Winit-self -Wno-delete-non-virtual-dtor -Wno-unnamed-type-template-args -Wno-comment -Wno-deprecated-enum-enum-conversion -Wno-deprecated-anon-enum-enum-conversion -fdiagnostics-show-option -Qunused-arguments -Wno-semicolon-before-method-body -ffunction-sections -fdata-sections    -fvisibility=hidden -fvisibility-inlines-hidden -DCHECK_FUNCTION_EXISTS=setmode -O3 -DNDEBUG  -DNDEBUG -arch arm64 -isysroot /Library/Developer/CommandLineTools/SDKs/MacOSX12.1.sdk -fPIE -MD -MT CMakeFiles/cmTC_8b385.dir/CheckFunctionExists.c.o -MF CMakeFiles/cmTC_8b385.dir/CheckFunctionExists.c.o.d -o CMakeFiles/cmTC_8b385.dir/CheckFunctionExists.c.o -c /opt/homebrew/Cellar/cmake/3.22.2/share/cmake/Modules/CheckFunctionExists.c
Linking C executable cmTC_8b385
/opt/homebrew/Cellar/cmake/3.22.2/bin/cmake -E cmake_link_script CMakeFiles/cmTC_8b385.dir/link.txt --verbose=1
/Library/Developer/CommandLineTools/usr/bin/cc    -fsigned-char -W -Wall -Werror=return-type -Werror=non-virtual-dtor -Werror=address -Werror=sequence-point -Wformat -Werror=format-security -Wmissing-declarations -Wmissing-prototypes -Wstrict-prototypes -Wundef -Winit-self -Wpointer-arith -Wshadow -Wsign-promo -Wuninitialized -Winit-self -Wno-delete-non-virtual-dtor -Wno-unnamed-type-template-args -Wno-comment -Wno-deprecated-enum-enum-conversion -Wno-deprecated-anon-enum-enum-conversion -fdiagnostics-show-option -Qunused-arguments -Wno-semicolon-before-method-body -ffunction-sections -fdata-sections    -fvisibility=hidden -fvisibility-inlines-hidden -DCHECK_FUNCTION_EXISTS=setmode -O3 -DNDEBUG  -DNDEBUG -arch arm64 -isysroot /Library/Developer/CommandLineTools/SDKs/MacOSX12.1.sdk -Wl,-search_paths_first -Wl,-headerpad_max_install_names   -Wl,-dead_strip  CMakeFiles/cmTC_8b385.dir/CheckFunctionExists.c.o -o cmTC_8b385 



Determining if the function strcasecmp exists passed with the following output:
Change Dir: /Users/kshitiz2000/desktop/pythonpro/opencv-4.5.0/build/CMakeFiles/CMakeTmp

Run Build Command(s):/usr/bin/make -f Makefile cmTC_d2efc/fast && /Library/Developer/CommandLineTools/usr/bin/make  -f CMakeFiles/cmTC_d2efc.dir/build.make CMakeFiles/cmTC_d2efc.dir/build
Building C object CMakeFiles/cmTC_d2efc.dir/CheckFunctionExists.c.o
/Library/Developer/CommandLineTools/usr/bin/cc   -fsigned-char -W -Wall -Werror=return-type -Werror=non-virtual-dtor -Werror=address -Werror=sequence-point -Wformat -Werror=format-security -Wmissing-declarations -Wmissing-prototypes -Wstrict-prototypes -Wundef -Winit-self -Wpointer-arith -Wshadow -Wsign-promo -Wuninitialized -Winit-self -Wno-delete-non-virtual-dtor -Wno-unnamed-type-template-args -Wno-comment -Wno-deprecated-enum-enum-conversion -Wno-deprecated-anon-enum-enum-conversion -fdiagnostics-show-option -Qunused-arguments -Wno-semicolon-before-method-body -ffunction-sections -fdata-sections    -fvisibility=hidden -fvisibility-inlines-hidden -DCHECK_FUNCTION_EXISTS=strcasecmp -O3 -DNDEBUG  -DNDEBUG -arch arm64 -isysroot /Library/Developer/CommandLineTools/SDKs/MacOSX12.1.sdk -fPIE -MD -MT CMakeFiles/cmTC_d2efc.dir/CheckFunctionExists.c.o -MF CMakeFiles/cmTC_d2efc.dir/CheckFunctionExists.c.o.d -o CMakeFiles/cmTC_d2efc.dir/CheckFunctionExists.c.o -c /opt/homebrew/Cellar/cmake/3.22.2/share/cmake/Modules/CheckFunctionExists.c
/opt/homebrew/Cellar/cmake/3.22.2/share/cmake/Modules/CheckFunctionExists.c:7:3: warning: incompatible redeclaration of library function 'strcasecmp' [-Wincompatible-library-redeclaration]
  CHECK_FUNCTION_EXISTS(void);
  ^
<command line>:1:31: note: expanded from here
#define CHECK_FUNCTION_EXISTS strcasecmp
                              ^
/opt/homebrew/Cellar/cmake/3.22.2/share/cmake/Modules/CheckFunctionExists.c:7:3: note: 'strcasecmp' is a builtin with type 'int (const char *, const char *)'
<command line>:1:31: note: expanded from here
#define CHECK_FUNCTION_EXISTS strcasecmp
                              ^
1 warning generated.
Linking C executable cmTC_d2efc
/opt/homebrew/Cellar/cmake/3.22.2/bin/cmake -E cmake_link_script CMakeFiles/cmTC_d2efc.dir/link.txt --verbose=1
/Library/Developer/CommandLineTools/usr/bin/cc    -fsigned-char -W -Wall -Werror=return-type -Werror=non-virtual-dtor -Werror=address -Werror=sequence-point -Wformat -Werror=format-security -Wmissing-declarations -Wmissing-prototypes -Wstrict-prototypes -Wundef -Winit-self -Wpointer-arith -Wshadow -Wsign-promo -Wuninitialized -Winit-self -Wno-delete-non-virtual-dtor -Wno-unnamed-type-template-args -Wno-comment -Wno-deprecated-enum-enum-conversion -Wno-deprecated-anon-enum-enum-conversion -fdiagnostics-show-option -Qunused-arguments -Wno-semicolon-before-method-body -ffunction-sections -fdata-sections    -fvisibility=hidden -fvisibility-inlines-hidden -DCHECK_FUNCTION_EXISTS=strcasecmp -O3 -DNDEBUG  -DNDEBUG -arch arm64 -isysroot /Library/Developer/CommandLineTools/SDKs/MacOSX12.1.sdk -Wl,-search_paths_first -Wl,-headerpad_max_install_names   -Wl,-dead_strip  CMakeFiles/cmTC_d2efc.dir/CheckFunctionExists.c.o -o cmTC_d2efc 



Determining if the function strchr exists passed with the following output:
Change Dir: /Users/kshitiz2000/desktop/pythonpro/opencv-4.5.0/build/CMakeFiles/CMakeTmp

Run Build Command(s):/usr/bin/make -f Makefile cmTC_472a9/fast && /Library/Developer/CommandLineTools/usr/bin/make  -f CMakeFiles/cmTC_472a9.dir/build.make CMakeFiles/cmTC_472a9.dir/build
Building C object CMakeFiles/cmTC_472a9.dir/CheckFunctionExists.c.o
/Library/Developer/CommandLineTools/usr/bin/cc   -fsigned-char -W -Wall -Werror=return-type -Werror=non-virtual-dtor -Werror=address -Werror=sequence-point -Wformat -Werror=format-security -Wmissing-declarations -Wmissing-prototypes -Wstrict-prototypes -Wundef -Winit-self -Wpointer-arith -Wshadow -Wsign-promo -Wuninitialized -Winit-self -Wno-delete-non-virtual-dtor -Wno-unnamed-type-template-args -Wno-comment -Wno-deprecated-enum-enum-conversion -Wno-deprecated-anon-enum-enum-conversion -fdiagnostics-show-option -Qunused-arguments -Wno-semicolon-before-method-body -ffunction-sections -fdata-sections    -fvisibility=hidden -fvisibility-inlines-hidden -DCHECK_FUNCTION_EXISTS=strchr -O3 -DNDEBUG  -DNDEBUG -arch arm64 -isysroot /Library/Developer/CommandLineTools/SDKs/MacOSX12.1.sdk -fPIE -MD -MT CMakeFiles/cmTC_472a9.dir/CheckFunctionExists.c.o -MF CMakeFiles/cmTC_472a9.dir/CheckFunctionExists.c.o.d -o CMakeFiles/cmTC_472a9.dir/CheckFunctionExists.c.o -c /opt/homebrew/Cellar/cmake/3.22.2/share/cmake/Modules/CheckFunctionExists.c
/opt/homebrew/Cellar/cmake/3.22.2/share/cmake/Modules/CheckFunctionExists.c:7:3: warning: incompatible redeclaration of library function 'strchr' [-Wincompatible-library-redeclaration]
  CHECK_FUNCTION_EXISTS(void);
  ^
<command line>:1:31: note: expanded from here
#define CHECK_FUNCTION_EXISTS strchr
                              ^
/opt/homebrew/Cellar/cmake/3.22.2/share/cmake/Modules/CheckFunctionExists.c:7:3: note: 'strchr' is a builtin with type 'char *(const char *, int)'
<command line>:1:31: note: expanded from here
#define CHECK_FUNCTION_EXISTS strchr
                              ^
1 warning generated.
Linking C executable cmTC_472a9
/opt/homebrew/Cellar/cmake/3.22.2/bin/cmake -E cmake_link_script CMakeFiles/cmTC_472a9.dir/link.txt --verbose=1
/Library/Developer/CommandLineTools/usr/bin/cc    -fsigned-char -W -Wall -Werror=return-type -Werror=non-virtual-dtor -Werror=address -Werror=sequence-point -Wformat -Werror=format-security -Wmissing-declarations -Wmissing-prototypes -Wstrict-prototypes -Wundef -Winit-self -Wpointer-arith -Wshadow -Wsign-promo -Wuninitialized -Winit-self -Wno-delete-non-virtual-dtor -Wno-unnamed-type-template-args -Wno-comment -Wno-deprecated-enum-enum-conversion -Wno-deprecated-anon-enum-enum-conversion -fdiagnostics-show-option -Qunused-arguments -Wno-semicolon-before-method-body -ffunction-sections -fdata-sections    -fvisibility=hidden -fvisibility-inlines-hidden -DCHECK_FUNCTION_EXISTS=strchr -O3 -DNDEBUG  -DNDEBUG -arch arm64 -isysroot /Library/Developer/CommandLineTools/SDKs/MacOSX12.1.sdk -Wl,-search_paths_first -Wl,-headerpad_max_install_names   -Wl,-dead_strip  CMakeFiles/cmTC_472a9.dir/CheckFunctionExists.c.o -o cmTC_472a9 



Determining if the function strrchr exists passed with the following output:
Change Dir: /Users/kshitiz2000/desktop/pythonpro/opencv-4.5.0/build/CMakeFiles/CMakeTmp

Run Build Command(s):/usr/bin/make -f Makefile cmTC_0a7d2/fast && /Library/Developer/CommandLineTools/usr/bin/make  -f CMakeFiles/cmTC_0a7d2.dir/build.make CMakeFiles/cmTC_0a7d2.dir/build
Building C object CMakeFiles/cmTC_0a7d2.dir/CheckFunctionExists.c.o
/Library/Developer/CommandLineTools/usr/bin/cc   -fsigned-char -W -Wall -Werror=return-type -Werror=non-virtual-dtor -Werror=address -Werror=sequence-point -Wformat -Werror=format-security -Wmissing-declarations -Wmissing-prototypes -Wstrict-prototypes -Wundef -Winit-self -Wpointer-arith -Wshadow -Wsign-promo -Wuninitialized -Winit-self -Wno-delete-non-virtual-dtor -Wno-unnamed-type-template-args -Wno-comment -Wno-deprecated-enum-enum-conversion -Wno-deprecated-anon-enum-enum-conversion -fdiagnostics-show-option -Qunused-arguments -Wno-semicolon-before-method-body -ffunction-sections -fdata-sections    -fvisibility=hidden -fvisibility-inlines-hidden -DCHECK_FUNCTION_EXISTS=strrchr -O3 -DNDEBUG  -DNDEBUG -arch arm64 -isysroot /Library/Developer/CommandLineTools/SDKs/MacOSX12.1.sdk -fPIE -MD -MT CMakeFiles/cmTC_0a7d2.dir/CheckFunctionExists.c.o -MF CMakeFiles/cmTC_0a7d2.dir/CheckFunctionExists.c.o.d -o CMakeFiles/cmTC_0a7d2.dir/CheckFunctionExists.c.o -c /opt/homebrew/Cellar/cmake/3.22.2/share/cmake/Modules/CheckFunctionExists.c
/opt/homebrew/Cellar/cmake/3.22.2/share/cmake/Modules/CheckFunctionExists.c:7:3: warning: incompatible redeclaration of library function 'strrchr' [-Wincompatible-library-redeclaration]
  CHECK_FUNCTION_EXISTS(void);
  ^
<command line>:1:31: note: expanded from here
#define CHECK_FUNCTION_EXISTS strrchr
                              ^
/opt/homebrew/Cellar/cmake/3.22.2/share/cmake/Modules/CheckFunctionExists.c:7:3: note: 'strrchr' is a builtin with type 'char *(const char *, int)'
<command line>:1:31: note: expanded from here
#define CHECK_FUNCTION_EXISTS strrchr
                              ^
1 warning generated.
Linking C executable cmTC_0a7d2
/opt/homebrew/Cellar/cmake/3.22.2/bin/cmake -E cmake_link_script CMakeFiles/cmTC_0a7d2.dir/link.txt --verbose=1
/Library/Developer/CommandLineTools/usr/bin/cc    -fsigned-char -W -Wall -Werror=return-type -Werror=non-virtual-dtor -Werror=address -Werror=sequence-point -Wformat -Werror=format-security -Wmissing-declarations -Wmissing-prototypes -Wstrict-prototypes -Wundef -Winit-self -Wpointer-arith -Wshadow -Wsign-promo -Wuninitialized -Winit-self -Wno-delete-non-virtual-dtor -Wno-unnamed-type-template-args -Wno-comment -Wno-deprecated-enum-enum-conversion -Wno-deprecated-anon-enum-enum-conversion -fdiagnostics-show-option -Qunused-arguments -Wno-semicolon-before-method-body -ffunction-sections -fdata-sections    -fvisibility=hidden -fvisibility-inlines-hidden -DCHECK_FUNCTION_EXISTS=strrchr -O3 -DNDEBUG  -DNDEBUG -arch arm64 -isysroot /Library/Developer/CommandLineTools/SDKs/MacOSX12.1.sdk -Wl,-search_paths_first -Wl,-headerpad_max_install_names   -Wl,-dead_strip  CMakeFiles/cmTC_0a7d2.dir/CheckFunctionExists.c.o -o cmTC_0a7d2 



Determining if the function strstr exists passed with the following output:
Change Dir: /Users/kshitiz2000/desktop/pythonpro/opencv-4.5.0/build/CMakeFiles/CMakeTmp

Run Build Command(s):/usr/bin/make -f Makefile cmTC_0431f/fast && /Library/Developer/CommandLineTools/usr/bin/make  -f CMakeFiles/cmTC_0431f.dir/build.make CMakeFiles/cmTC_0431f.dir/build
Building C object CMakeFiles/cmTC_0431f.dir/CheckFunctionExists.c.o
/Library/Developer/CommandLineTools/usr/bin/cc   -fsigned-char -W -Wall -Werror=return-type -Werror=non-virtual-dtor -Werror=address -Werror=sequence-point -Wformat -Werror=format-security -Wmissing-declarations -Wmissing-prototypes -Wstrict-prototypes -Wundef -Winit-self -Wpointer-arith -Wshadow -Wsign-promo -Wuninitialized -Winit-self -Wno-delete-non-virtual-dtor -Wno-unnamed-type-template-args -Wno-comment -Wno-deprecated-enum-enum-conversion -Wno-deprecated-anon-enum-enum-conversion -fdiagnostics-show-option -Qunused-arguments -Wno-semicolon-before-method-body -ffunction-sections -fdata-sections    -fvisibility=hidden -fvisibility-inlines-hidden -DCHECK_FUNCTION_EXISTS=strstr -O3 -DNDEBUG  -DNDEBUG -arch arm64 -isysroot /Library/Developer/CommandLineTools/SDKs/MacOSX12.1.sdk -fPIE -MD -MT CMakeFiles/cmTC_0431f.dir/CheckFunctionExists.c.o -MF CMakeFiles/cmTC_0431f.dir/CheckFunctionExists.c.o.d -o CMakeFiles/cmTC_0431f.dir/CheckFunctionExists.c.o -c /opt/homebrew/Cellar/cmake/3.22.2/share/cmake/Modules/CheckFunctionExists.c
/opt/homebrew/Cellar/cmake/3.22.2/share/cmake/Modules/CheckFunctionExists.c:7:3: warning: incompatible redeclaration of library function 'strstr' [-Wincompatible-library-redeclaration]
  CHECK_FUNCTION_EXISTS(void);
  ^
<command line>:1:31: note: expanded from here
#define CHECK_FUNCTION_EXISTS strstr
                              ^
/opt/homebrew/Cellar/cmake/3.22.2/share/cmake/Modules/CheckFunctionExists.c:7:3: note: 'strstr' is a builtin with type 'char *(const char *, const char *)'
<command line>:1:31: note: expanded from here
#define CHECK_FUNCTION_EXISTS strstr
                              ^
1 warning generated.
Linking C executable cmTC_0431f
/opt/homebrew/Cellar/cmake/3.22.2/bin/cmake -E cmake_link_script CMakeFiles/cmTC_0431f.dir/link.txt --verbose=1
/Library/Developer/CommandLineTools/usr/bin/cc    -fsigned-char -W -Wall -Werror=return-type -Werror=non-virtual-dtor -Werror=address -Werror=sequence-point -Wformat -Werror=format-security -Wmissing-declarations -Wmissing-prototypes -Wstrict-prototypes -Wundef -Winit-self -Wpointer-arith -Wshadow -Wsign-promo -Wuninitialized -Winit-self -Wno-delete-non-virtual-dtor -Wno-unnamed-type-template-args -Wno-comment -Wno-deprecated-enum-enum-conversion -Wno-deprecated-anon-enum-enum-conversion -fdiagnostics-show-option -Qunused-arguments -Wno-semicolon-before-method-body -ffunction-sections -fdata-sections    -fvisibility=hidden -fvisibility-inlines-hidden -DCHECK_FUNCTION_EXISTS=strstr -O3 -DNDEBUG  -DNDEBUG -arch arm64 -isysroot /Library/Developer/CommandLineTools/SDKs/MacOSX12.1.sdk -Wl,-search_paths_first -Wl,-headerpad_max_install_names   -Wl,-dead_strip  CMakeFiles/cmTC_0431f.dir/CheckFunctionExists.c.o -o cmTC_0431f 



Determining if the function strtol exists passed with the following output:
Change Dir: /Users/kshitiz2000/desktop/pythonpro/opencv-4.5.0/build/CMakeFiles/CMakeTmp

Run Build Command(s):/usr/bin/make -f Makefile cmTC_0fdd5/fast && /Library/Developer/CommandLineTools/usr/bin/make  -f CMakeFiles/cmTC_0fdd5.dir/build.make CMakeFiles/cmTC_0fdd5.dir/build
Building C object CMakeFiles/cmTC_0fdd5.dir/CheckFunctionExists.c.o
/Library/Developer/CommandLineTools/usr/bin/cc   -fsigned-char -W -Wall -Werror=return-type -Werror=non-virtual-dtor -Werror=address -Werror=sequence-point -Wformat -Werror=format-security -Wmissing-declarations -Wmissing-prototypes -Wstrict-prototypes -Wundef -Winit-self -Wpointer-arith -Wshadow -Wsign-promo -Wuninitialized -Winit-self -Wno-delete-non-virtual-dtor -Wno-unnamed-type-template-args -Wno-comment -Wno-deprecated-enum-enum-conversion -Wno-deprecated-anon-enum-enum-conversion -fdiagnostics-show-option -Qunused-arguments -Wno-semicolon-before-method-body -ffunction-sections -fdata-sections    -fvisibility=hidden -fvisibility-inlines-hidden -DCHECK_FUNCTION_EXISTS=strtol -O3 -DNDEBUG  -DNDEBUG -arch arm64 -isysroot /Library/Developer/CommandLineTools/SDKs/MacOSX12.1.sdk -fPIE -MD -MT CMakeFiles/cmTC_0fdd5.dir/CheckFunctionExists.c.o -MF CMakeFiles/cmTC_0fdd5.dir/CheckFunctionExists.c.o.d -o CMakeFiles/cmTC_0fdd5.dir/CheckFunctionExists.c.o -c /opt/homebrew/Cellar/cmake/3.22.2/share/cmake/Modules/CheckFunctionExists.c
/opt/homebrew/Cellar/cmake/3.22.2/share/cmake/Modules/CheckFunctionExists.c:7:3: warning: incompatible redeclaration of library function 'strtol' [-Wincompatible-library-redeclaration]
  CHECK_FUNCTION_EXISTS(void);
  ^
<command line>:1:31: note: expanded from here
#define CHECK_FUNCTION_EXISTS strtol
                              ^
/opt/homebrew/Cellar/cmake/3.22.2/share/cmake/Modules/CheckFunctionExists.c:7:3: note: 'strtol' is a builtin with type 'long (const char *, char **, int)'
<command line>:1:31: note: expanded from here
#define CHECK_FUNCTION_EXISTS strtol
                              ^
1 warning generated.
Linking C executable cmTC_0fdd5
/opt/homebrew/Cellar/cmake/3.22.2/bin/cmake -E cmake_link_script CMakeFiles/cmTC_0fdd5.dir/link.txt --verbose=1
/Library/Developer/CommandLineTools/usr/bin/cc    -fsigned-char -W -Wall -Werror=return-type -Werror=non-virtual-dtor -Werror=address -Werror=sequence-point -Wformat -Werror=format-security -Wmissing-declarations -Wmissing-prototypes -Wstrict-prototypes -Wundef -Winit-self -Wpointer-arith -Wshadow -Wsign-promo -Wuninitialized -Winit-self -Wno-delete-non-virtual-dtor -Wno-unnamed-type-template-args -Wno-comment -Wno-deprecated-enum-enum-conversion -Wno-deprecated-anon-enum-enum-conversion -fdiagnostics-show-option -Qunused-arguments -Wno-semicolon-before-method-body -ffunction-sections -fdata-sections    -fvisibility=hidden -fvisibility-inlines-hidden -DCHECK_FUNCTION_EXISTS=strtol -O3 -DNDEBUG  -DNDEBUG -arch arm64 -isysroot /Library/Developer/CommandLineTools/SDKs/MacOSX12.1.sdk -Wl,-search_paths_first -Wl,-headerpad_max_install_names   -Wl,-dead_strip  CMakeFiles/cmTC_0fdd5.dir/CheckFunctionExists.c.o -o cmTC_0fdd5 



Determining if the function strtol exists passed with the following output:
Change Dir: /Users/kshitiz2000/desktop/pythonpro/opencv-4.5.0/build/CMakeFiles/CMakeTmp

Run Build Command(s):/usr/bin/make -f Makefile cmTC_4ca6e/fast && /Library/Developer/CommandLineTools/usr/bin/make  -f CMakeFiles/cmTC_4ca6e.dir/build.make CMakeFiles/cmTC_4ca6e.dir/build
Building C object CMakeFiles/cmTC_4ca6e.dir/CheckFunctionExists.c.o
/Library/Developer/CommandLineTools/usr/bin/cc   -fsigned-char -W -Wall -Werror=return-type -Werror=non-virtual-dtor -Werror=address -Werror=sequence-point -Wformat -Werror=format-security -Wmissing-declarations -Wmissing-prototypes -Wstrict-prototypes -Wundef -Winit-self -Wpointer-arith -Wshadow -Wsign-promo -Wuninitialized -Winit-self -Wno-delete-non-virtual-dtor -Wno-unnamed-type-template-args -Wno-comment -Wno-deprecated-enum-enum-conversion -Wno-deprecated-anon-enum-enum-conversion -fdiagnostics-show-option -Qunused-arguments -Wno-semicolon-before-method-body -ffunction-sections -fdata-sections    -fvisibility=hidden -fvisibility-inlines-hidden -DCHECK_FUNCTION_EXISTS=strtol -O3 -DNDEBUG  -DNDEBUG -arch arm64 -isysroot /Library/Developer/CommandLineTools/SDKs/MacOSX12.1.sdk -fPIE -MD -MT CMakeFiles/cmTC_4ca6e.dir/CheckFunctionExists.c.o -MF CMakeFiles/cmTC_4ca6e.dir/CheckFunctionExists.c.o.d -o CMakeFiles/cmTC_4ca6e.dir/CheckFunctionExists.c.o -c /opt/homebrew/Cellar/cmake/3.22.2/share/cmake/Modules/CheckFunctionExists.c
/opt/homebrew/Cellar/cmake/3.22.2/share/cmake/Modules/CheckFunctionExists.c:7:3: warning: incompatible redeclaration of library function 'strtol' [-Wincompatible-library-redeclaration]
  CHECK_FUNCTION_EXISTS(void);
  ^
<command line>:1:31: note: expanded from here
#define CHECK_FUNCTION_EXISTS strtol
                              ^
/opt/homebrew/Cellar/cmake/3.22.2/share/cmake/Modules/CheckFunctionExists.c:7:3: note: 'strtol' is a builtin with type 'long (const char *, char **, int)'
<command line>:1:31: note: expanded from here
#define CHECK_FUNCTION_EXISTS strtol
                              ^
1 warning generated.
Linking C executable cmTC_4ca6e
/opt/homebrew/Cellar/cmake/3.22.2/bin/cmake -E cmake_link_script CMakeFiles/cmTC_4ca6e.dir/link.txt --verbose=1
/Library/Developer/CommandLineTools/usr/bin/cc    -fsigned-char -W -Wall -Werror=return-type -Werror=non-virtual-dtor -Werror=address -Werror=sequence-point -Wformat -Werror=format-security -Wmissing-declarations -Wmissing-prototypes -Wstrict-prototypes -Wundef -Winit-self -Wpointer-arith -Wshadow -Wsign-promo -Wuninitialized -Winit-self -Wno-delete-non-virtual-dtor -Wno-unnamed-type-template-args -Wno-comment -Wno-deprecated-enum-enum-conversion -Wno-deprecated-anon-enum-enum-conversion -fdiagnostics-show-option -Qunused-arguments -Wno-semicolon-before-method-body -ffunction-sections -fdata-sections    -fvisibility=hidden -fvisibility-inlines-hidden -DCHECK_FUNCTION_EXISTS=strtol -O3 -DNDEBUG  -DNDEBUG -arch arm64 -isysroot /Library/Developer/CommandLineTools/SDKs/MacOSX12.1.sdk -Wl,-search_paths_first -Wl,-headerpad_max_install_names   -Wl,-dead_strip  CMakeFiles/cmTC_4ca6e.dir/CheckFunctionExists.c.o -o cmTC_4ca6e 



Determining if the function strtoull exists passed with the following output:
Change Dir: /Users/kshitiz2000/desktop/pythonpro/opencv-4.5.0/build/CMakeFiles/CMakeTmp

Run Build Command(s):/usr/bin/make -f Makefile cmTC_712b1/fast && /Library/Developer/CommandLineTools/usr/bin/make  -f CMakeFiles/cmTC_712b1.dir/build.make CMakeFiles/cmTC_712b1.dir/build
Building C object CMakeFiles/cmTC_712b1.dir/CheckFunctionExists.c.o
/Library/Developer/CommandLineTools/usr/bin/cc   -fsigned-char -W -Wall -Werror=return-type -Werror=non-virtual-dtor -Werror=address -Werror=sequence-point -Wformat -Werror=format-security -Wmissing-declarations -Wmissing-prototypes -Wstrict-prototypes -Wundef -Winit-self -Wpointer-arith -Wshadow -Wsign-promo -Wuninitialized -Winit-self -Wno-delete-non-virtual-dtor -Wno-unnamed-type-template-args -Wno-comment -Wno-deprecated-enum-enum-conversion -Wno-deprecated-anon-enum-enum-conversion -fdiagnostics-show-option -Qunused-arguments -Wno-semicolon-before-method-body -ffunction-sections -fdata-sections    -fvisibility=hidden -fvisibility-inlines-hidden -DCHECK_FUNCTION_EXISTS=strtoull -O3 -DNDEBUG  -DNDEBUG -arch arm64 -isysroot /Library/Developer/CommandLineTools/SDKs/MacOSX12.1.sdk -fPIE -MD -MT CMakeFiles/cmTC_712b1.dir/CheckFunctionExists.c.o -MF CMakeFiles/cmTC_712b1.dir/CheckFunctionExists.c.o.d -o CMakeFiles/cmTC_712b1.dir/CheckFunctionExists.c.o -c /opt/homebrew/Cellar/cmake/3.22.2/share/cmake/Modules/CheckFunctionExists.c
/opt/homebrew/Cellar/cmake/3.22.2/share/cmake/Modules/CheckFunctionExists.c:7:3: warning: incompatible redeclaration of library function 'strtoull' [-Wincompatible-library-redeclaration]
  CHECK_FUNCTION_EXISTS(void);
  ^
<command line>:1:31: note: expanded from here
#define CHECK_FUNCTION_EXISTS strtoull
                              ^
/opt/homebrew/Cellar/cmake/3.22.2/share/cmake/Modules/CheckFunctionExists.c:7:3: note: 'strtoull' is a builtin with type 'unsigned long long (const char *, char **, int)'
<command line>:1:31: note: expanded from here
#define CHECK_FUNCTION_EXISTS strtoull
                              ^
1 warning generated.
Linking C executable cmTC_712b1
/opt/homebrew/Cellar/cmake/3.22.2/bin/cmake -E cmake_link_script CMakeFiles/cmTC_712b1.dir/link.txt --verbose=1
/Library/Developer/CommandLineTools/usr/bin/cc    -fsigned-char -W -Wall -Werror=return-type -Werror=non-virtual-dtor -Werror=address -Werror=sequence-point -Wformat -Werror=format-security -Wmissing-declarations -Wmissing-prototypes -Wstrict-prototypes -Wundef -Winit-self -Wpointer-arith -Wshadow -Wsign-promo -Wuninitialized -Winit-self -Wno-delete-non-virtual-dtor -Wno-unnamed-type-template-args -Wno-comment -Wno-deprecated-enum-enum-conversion -Wno-deprecated-anon-enum-enum-conversion -fdiagnostics-show-option -Qunused-arguments -Wno-semicolon-before-method-body -ffunction-sections -fdata-sections    -fvisibility=hidden -fvisibility-inlines-hidden -DCHECK_FUNCTION_EXISTS=strtoull -O3 -DNDEBUG  -DNDEBUG -arch arm64 -isysroot /Library/Developer/CommandLineTools/SDKs/MacOSX12.1.sdk -Wl,-search_paths_first -Wl,-headerpad_max_install_names   -Wl,-dead_strip  CMakeFiles/cmTC_712b1.dir/CheckFunctionExists.c.o -o cmTC_712b1 



Determining if the function lfind exists passed with the following output:
Change Dir: /Users/kshitiz2000/desktop/pythonpro/opencv-4.5.0/build/CMakeFiles/CMakeTmp

Run Build Command(s):/usr/bin/make -f Makefile cmTC_9ea55/fast && /Library/Developer/CommandLineTools/usr/bin/make  -f CMakeFiles/cmTC_9ea55.dir/build.make CMakeFiles/cmTC_9ea55.dir/build
Building C object CMakeFiles/cmTC_9ea55.dir/CheckFunctionExists.c.o
/Library/Developer/CommandLineTools/usr/bin/cc   -fsigned-char -W -Wall -Werror=return-type -Werror=non-virtual-dtor -Werror=address -Werror=sequence-point -Wformat -Werror=format-security -Wmissing-declarations -Wmissing-prototypes -Wstrict-prototypes -Wundef -Winit-self -Wpointer-arith -Wshadow -Wsign-promo -Wuninitialized -Winit-self -Wno-delete-non-virtual-dtor -Wno-unnamed-type-template-args -Wno-comment -Wno-deprecated-enum-enum-conversion -Wno-deprecated-anon-enum-enum-conversion -fdiagnostics-show-option -Qunused-arguments -Wno-semicolon-before-method-body -ffunction-sections -fdata-sections    -fvisibility=hidden -fvisibility-inlines-hidden -DCHECK_FUNCTION_EXISTS=lfind -O3 -DNDEBUG  -DNDEBUG -arch arm64 -isysroot /Library/Developer/CommandLineTools/SDKs/MacOSX12.1.sdk -fPIE -MD -MT CMakeFiles/cmTC_9ea55.dir/CheckFunctionExists.c.o -MF CMakeFiles/cmTC_9ea55.dir/CheckFunctionExists.c.o.d -o CMakeFiles/cmTC_9ea55.dir/CheckFunctionExists.c.o -c /opt/homebrew/Cellar/cmake/3.22.2/share/cmake/Modules/CheckFunctionExists.c
Linking C executable cmTC_9ea55
/opt/homebrew/Cellar/cmake/3.22.2/bin/cmake -E cmake_link_script CMakeFiles/cmTC_9ea55.dir/link.txt --verbose=1
/Library/Developer/CommandLineTools/usr/bin/cc    -fsigned-char -W -Wall -Werror=return-type -Werror=non-virtual-dtor -Werror=address -Werror=sequence-point -Wformat -Werror=format-security -Wmissing-declarations -Wmissing-prototypes -Wstrict-prototypes -Wundef -Winit-self -Wpointer-arith -Wshadow -Wsign-promo -Wuninitialized -Winit-self -Wno-delete-non-virtual-dtor -Wno-unnamed-type-template-args -Wno-comment -Wno-deprecated-enum-enum-conversion -Wno-deprecated-anon-enum-enum-conversion -fdiagnostics-show-option -Qunused-arguments -Wno-semicolon-before-method-body -ffunction-sections -fdata-sections    -fvisibility=hidden -fvisibility-inlines-hidden -DCHECK_FUNCTION_EXISTS=lfind -O3 -DNDEBUG  -DNDEBUG -arch arm64 -isysroot /Library/Developer/CommandLineTools/SDKs/MacOSX12.1.sdk -Wl,-search_paths_first -Wl,-headerpad_max_install_names   -Wl,-dead_strip  CMakeFiles/cmTC_9ea55.dir/CheckFunctionExists.c.o -o cmTC_9ea55 



Performing C SOURCE FILE Test HAVE_SNPRINTF succeeded with the following output:
Change Dir: /Users/kshitiz2000/desktop/pythonpro/opencv-4.5.0/build/CMakeFiles/CMakeTmp

Run Build Command(s):/usr/bin/make -f Makefile cmTC_6ad2a/fast && /Library/Developer/CommandLineTools/usr/bin/make  -f CMakeFiles/cmTC_6ad2a.dir/build.make CMakeFiles/cmTC_6ad2a.dir/build
Building C object CMakeFiles/cmTC_6ad2a.dir/src.c.o
/Library/Developer/CommandLineTools/usr/bin/cc -DHAVE_SNPRINTF  -fsigned-char -W -Wall -Werror=return-type -Werror=non-virtual-dtor -Werror=address -Werror=sequence-point -Wformat -Werror=format-security -Wmissing-declarations -Wmissing-prototypes -Wstrict-prototypes -Wundef -Winit-self -Wpointer-arith -Wshadow -Wsign-promo -Wuninitialized -Winit-self -Wno-delete-non-virtual-dtor -Wno-unnamed-type-template-args -Wno-comment -Wno-deprecated-enum-enum-conversion -Wno-deprecated-anon-enum-enum-conversion -fdiagnostics-show-option -Qunused-arguments -Wno-semicolon-before-method-body -ffunction-sections -fdata-sections    -fvisibility=hidden -fvisibility-inlines-hidden  -O3 -DNDEBUG  -DNDEBUG -arch arm64 -isysroot /Library/Developer/CommandLineTools/SDKs/MacOSX12.1.sdk -fPIE -MD -MT CMakeFiles/cmTC_6ad2a.dir/src.c.o -MF CMakeFiles/cmTC_6ad2a.dir/src.c.o.d -o CMakeFiles/cmTC_6ad2a.dir/src.c.o -c /Users/kshitiz2000/desktop/pythonpro/opencv-4.5.0/build/CMakeFiles/CMakeTmp/src.c
Linking C executable cmTC_6ad2a
/opt/homebrew/Cellar/cmake/3.22.2/bin/cmake -E cmake_link_script CMakeFiles/cmTC_6ad2a.dir/link.txt --verbose=1
/Library/Developer/CommandLineTools/usr/bin/cc    -fsigned-char -W -Wall -Werror=return-type -Werror=non-virtual-dtor -Werror=address -Werror=sequence-point -Wformat -Werror=format-security -Wmissing-declarations -Wmissing-prototypes -Wstrict-prototypes -Wundef -Winit-self -Wpointer-arith -Wshadow -Wsign-promo -Wuninitialized -Winit-self -Wno-delete-non-virtual-dtor -Wno-unnamed-type-template-args -Wno-comment -Wno-deprecated-enum-enum-conversion -Wno-deprecated-anon-enum-enum-conversion -fdiagnostics-show-option -Qunused-arguments -Wno-semicolon-before-method-body -ffunction-sections -fdata-sections    -fvisibility=hidden -fvisibility-inlines-hidden  -O3 -DNDEBUG  -DNDEBUG -arch arm64 -isysroot /Library/Developer/CommandLineTools/SDKs/MacOSX12.1.sdk -Wl,-search_paths_first -Wl,-headerpad_max_install_names   -Wl,-dead_strip  CMakeFiles/cmTC_6ad2a.dir/src.c.o -o cmTC_6ad2a 


Source file was:

#include <stdio.h>
int main(void) {
  char buf[10];
  snprintf(buf, 10, "Test %d", 1);
  return 0;
}
Checking whether the ASM compiler is Clang using "--version" matched "(clang version)":
Apple clang version 13.0.0 (clang-1300.0.27.3)
Target: arm64-apple-darwin21.2.0
Thread model: posix
InstalledDir: /Library/Developer/CommandLineTools/usr/bin
Determining if the include file pthread.h exists passed with the following output:
Change Dir: /Users/kshitiz2000/desktop/pythonpro/opencv-4.5.0/build/CMakeFiles/CMakeTmp

Run Build Command(s):/usr/bin/make -f Makefile cmTC_9db2d/fast && /Library/Developer/CommandLineTools/usr/bin/make  -f CMakeFiles/cmTC_9db2d.dir/build.make CMakeFiles/cmTC_9db2d.dir/build
Building C object CMakeFiles/cmTC_9db2d.dir/CheckIncludeFile.c.o
/Library/Developer/CommandLineTools/usr/bin/cc   -fsigned-char -W -Wall -Werror=return-type -Werror=non-virtual-dtor -Werror=address -Werror=sequence-point -Wformat -Werror=format-security -Wmissing-declarations -Wmissing-prototypes -Wstrict-prototypes -Wundef -Winit-self -Wpointer-arith -Wshadow -Wsign-promo -Wuninitialized -Winit-self -Wno-delete-non-virtual-dtor -Wno-unnamed-type-template-args -Wno-comment -Wno-deprecated-enum-enum-conversion -Wno-deprecated-anon-enum-enum-conversion -fdiagnostics-show-option -Qunused-arguments -Wno-semicolon-before-method-body -ffunction-sections -fdata-sections    -fvisibility=hidden -fvisibility-inlines-hidden  -O3 -DNDEBUG  -DNDEBUG -arch arm64 -isysroot /Library/Developer/CommandLineTools/SDKs/MacOSX12.1.sdk -fPIE -MD -MT CMakeFiles/cmTC_9db2d.dir/CheckIncludeFile.c.o -MF CMakeFiles/cmTC_9db2d.dir/CheckIncludeFile.c.o.d -o CMakeFiles/cmTC_9db2d.dir/CheckIncludeFile.c.o -c /Users/kshitiz2000/desktop/pythonpro/opencv-4.5.0/build/CMakeFiles/CMakeTmp/CheckIncludeFile.c
Linking C executable cmTC_9db2d
/opt/homebrew/Cellar/cmake/3.22.2/bin/cmake -E cmake_link_script CMakeFiles/cmTC_9db2d.dir/link.txt --verbose=1
/Library/Developer/CommandLineTools/usr/bin/cc    -fsigned-char -W -Wall -Werror=return-type -Werror=non-virtual-dtor -Werror=address -Werror=sequence-point -Wformat -Werror=format-security -Wmissing-declarations -Wmissing-prototypes -Wstrict-prototypes -Wundef -Winit-self -Wpointer-arith -Wshadow -Wsign-promo -Wuninitialized -Winit-self -Wno-delete-non-virtual-dtor -Wno-unnamed-type-template-args -Wno-comment -Wno-deprecated-enum-enum-conversion -Wno-deprecated-anon-enum-enum-conversion -fdiagnostics-show-option -Qunused-arguments -Wno-semicolon-before-method-body -ffunction-sections -fdata-sections    -fvisibility=hidden -fvisibility-inlines-hidden  -O3 -DNDEBUG  -DNDEBUG -arch arm64 -isysroot /Library/Developer/CommandLineTools/SDKs/MacOSX12.1.sdk -Wl,-search_paths_first -Wl,-headerpad_max_install_names   -Wl,-dead_strip  CMakeFiles/cmTC_9db2d.dir/CheckIncludeFile.c.o -o cmTC_9db2d 



Performing C SOURCE FILE Test CMAKE_HAVE_LIBC_PTHREAD succeeded with the following output:
Change Dir: /Users/kshitiz2000/desktop/pythonpro/opencv-4.5.0/build/CMakeFiles/CMakeTmp

Run Build Command(s):/usr/bin/make -f Makefile cmTC_0ac71/fast && /Library/Developer/CommandLineTools/usr/bin/make  -f CMakeFiles/cmTC_0ac71.dir/build.make CMakeFiles/cmTC_0ac71.dir/build
Building C object CMakeFiles/cmTC_0ac71.dir/src.c.o
/Library/Developer/CommandLineTools/usr/bin/cc -DCMAKE_HAVE_LIBC_PTHREAD  -fsigned-char -W -Wall -Werror=return-type -Werror=non-virtual-dtor -Werror=address -Werror=sequence-point -Wformat -Werror=format-security -Wmissing-declarations -Wmissing-prototypes -Wstrict-prototypes -Wundef -Winit-self -Wpointer-arith -Wshadow -Wsign-promo -Wuninitialized -Winit-self -Wno-delete-non-virtual-dtor -Wno-unnamed-type-template-args -Wno-comment -Wno-deprecated-enum-enum-conversion -Wno-deprecated-anon-enum-enum-conversion -fdiagnostics-show-option -Qunused-arguments -Wno-semicolon-before-method-body -ffunction-sections -fdata-sections    -fvisibility=hidden -fvisibility-inlines-hidden  -O3 -DNDEBUG  -DNDEBUG -arch arm64 -isysroot /Library/Developer/CommandLineTools/SDKs/MacOSX12.1.sdk -fPIE -MD -MT CMakeFiles/cmTC_0ac71.dir/src.c.o -MF CMakeFiles/cmTC_0ac71.dir/src.c.o.d -o CMakeFiles/cmTC_0ac71.dir/src.c.o -c /Users/kshitiz2000/desktop/pythonpro/opencv-4.5.0/build/CMakeFiles/CMakeTmp/src.c
Linking C executable cmTC_0ac71
/opt/homebrew/Cellar/cmake/3.22.2/bin/cmake -E cmake_link_script CMakeFiles/cmTC_0ac71.dir/link.txt --verbose=1
/Library/Developer/CommandLineTools/usr/bin/cc    -fsigned-char -W -Wall -Werror=return-type -Werror=non-virtual-dtor -Werror=address -Werror=sequence-point -Wformat -Werror=format-security -Wmissing-declarations -Wmissing-prototypes -Wstrict-prototypes -Wundef -Winit-self -Wpointer-arith -Wshadow -Wsign-promo -Wuninitialized -Winit-self -Wno-delete-non-virtual-dtor -Wno-unnamed-type-template-args -Wno-comment -Wno-deprecated-enum-enum-conversion -Wno-deprecated-anon-enum-enum-conversion -fdiagnostics-show-option -Qunused-arguments -Wno-semicolon-before-method-body -ffunction-sections -fdata-sections    -fvisibility=hidden -fvisibility-inlines-hidden  -O3 -DNDEBUG  -DNDEBUG -arch arm64 -isysroot /Library/Developer/CommandLineTools/SDKs/MacOSX12.1.sdk -Wl,-search_paths_first -Wl,-headerpad_max_install_names   -Wl,-dead_strip  CMakeFiles/cmTC_0ac71.dir/src.c.o -o cmTC_0ac71 


Source file was:
#include <pthread.h>

static void* test_func(void* data)
{
  return data;
}

int main(void)
{
  pthread_t thread;
  pthread_create(&thread, NULL, test_func, NULL);
  pthread_detach(thread);
  pthread_cancel(thread);
  pthread_join(thread, NULL);
  pthread_atfork(NULL, NULL, NULL);
  pthread_exit(NULL);

  return 0;
}

Determining if the function dgemm_ exists passed with the following output:
Change Dir: /Users/kshitiz2000/desktop/pythonpro/opencv-4.5.0/build/CMakeFiles/CMakeTmp

Run Build Command(s):/usr/bin/make -f Makefile cmTC_f2de6/fast && /Library/Developer/CommandLineTools/usr/bin/make  -f CMakeFiles/cmTC_f2de6.dir/build.make CMakeFiles/cmTC_f2de6.dir/build
Building C object CMakeFiles/cmTC_f2de6.dir/CheckFunctionExists.c.o
/Library/Developer/CommandLineTools/usr/bin/cc   -fsigned-char -W -Wall -Werror=return-type -Werror=non-virtual-dtor -Werror=address -Werror=sequence-point -Wformat -Werror=format-security -Wmissing-declarations -Wmissing-prototypes -Wstrict-prototypes -Wundef -Winit-self -Wpointer-arith -Wshadow -Wsign-promo -Wuninitialized -Winit-self -Wno-delete-non-virtual-dtor -Wno-unnamed-type-template-args -Wno-comment -Wno-deprecated-enum-enum-conversion -Wno-deprecated-anon-enum-enum-conversion -fdiagnostics-show-option -Qunused-arguments -Wno-semicolon-before-method-body -ffunction-sections -fdata-sections    -fvisibility=hidden -fvisibility-inlines-hidden -DCHECK_FUNCTION_EXISTS=dgemm_ -O3 -DNDEBUG  -DNDEBUG -arch arm64 -isysroot /Library/Developer/CommandLineTools/SDKs/MacOSX12.1.sdk -fPIE -MD -MT CMakeFiles/cmTC_f2de6.dir/CheckFunctionExists.c.o -MF CMakeFiles/cmTC_f2de6.dir/CheckFunctionExists.c.o.d -o CMakeFiles/cmTC_f2de6.dir/CheckFunctionExists.c.o -c /opt/homebrew/Cellar/cmake/3.22.2/share/cmake/Modules/CheckFunctionExists.c
Linking C executable cmTC_f2de6
/opt/homebrew/Cellar/cmake/3.22.2/bin/cmake -E cmake_link_script CMakeFiles/cmTC_f2de6.dir/link.txt --verbose=1
/Library/Developer/CommandLineTools/usr/bin/cc    -fsigned-char -W -Wall -Werror=return-type -Werror=non-virtual-dtor -Werror=address -Werror=sequence-point -Wformat -Werror=format-security -Wmissing-declarations -Wmissing-prototypes -Wstrict-prototypes -Wundef -Winit-self -Wpointer-arith -Wshadow -Wsign-promo -Wuninitialized -Winit-self -Wno-delete-non-virtual-dtor -Wno-unnamed-type-template-args -Wno-comment -Wno-deprecated-enum-enum-conversion -Wno-deprecated-anon-enum-enum-conversion -fdiagnostics-show-option -Qunused-arguments -Wno-semicolon-before-method-body -ffunction-sections -fdata-sections    -fvisibility=hidden -fvisibility-inlines-hidden -DCHECK_FUNCTION_EXISTS=dgemm_ -O3 -DNDEBUG  -DNDEBUG -arch arm64 -isysroot /Library/Developer/CommandLineTools/SDKs/MacOSX12.1.sdk -Wl,-search_paths_first -Wl,-headerpad_max_install_names   -Wl,-dead_strip  CMakeFiles/cmTC_f2de6.dir/CheckFunctionExists.c.o -o cmTC_f2de6  -framework Accelerate 



Determining if the function cheev_ exists passed with the following output:
Change Dir: /Users/kshitiz2000/desktop/pythonpro/opencv-4.5.0/build/CMakeFiles/CMakeTmp

Run Build Command(s):/usr/bin/make -f Makefile cmTC_5ed64/fast && /Library/Developer/CommandLineTools/usr/bin/make  -f CMakeFiles/cmTC_5ed64.dir/build.make CMakeFiles/cmTC_5ed64.dir/build
Building C object CMakeFiles/cmTC_5ed64.dir/CheckFunctionExists.c.o
/Library/Developer/CommandLineTools/usr/bin/cc   -fsigned-char -W -Wall -Werror=return-type -Werror=non-virtual-dtor -Werror=address -Werror=sequence-point -Wformat -Werror=format-security -Wmissing-declarations -Wmissing-prototypes -Wstrict-prototypes -Wundef -Winit-self -Wpointer-arith -Wshadow -Wsign-promo -Wuninitialized -Winit-self -Wno-delete-non-virtual-dtor -Wno-unnamed-type-template-args -Wno-comment -Wno-deprecated-enum-enum-conversion -Wno-deprecated-anon-enum-enum-conversion -fdiagnostics-show-option -Qunused-arguments -Wno-semicolon-before-method-body -ffunction-sections -fdata-sections    -fvisibility=hidden -fvisibility-inlines-hidden -DCHECK_FUNCTION_EXISTS=cheev_ -O3 -DNDEBUG  -DNDEBUG -arch arm64 -isysroot /Library/Developer/CommandLineTools/SDKs/MacOSX12.1.sdk -fPIE -MD -MT CMakeFiles/cmTC_5ed64.dir/CheckFunctionExists.c.o -MF CMakeFiles/cmTC_5ed64.dir/CheckFunctionExists.c.o.d -o CMakeFiles/cmTC_5ed64.dir/CheckFunctionExists.c.o -c /opt/homebrew/Cellar/cmake/3.22.2/share/cmake/Modules/CheckFunctionExists.c
Linking C executable cmTC_5ed64
/opt/homebrew/Cellar/cmake/3.22.2/bin/cmake -E cmake_link_script CMakeFiles/cmTC_5ed64.dir/link.txt --verbose=1
/Library/Developer/CommandLineTools/usr/bin/cc    -fsigned-char -W -Wall -Werror=return-type -Werror=non-virtual-dtor -Werror=address -Werror=sequence-point -Wformat -Werror=format-security -Wmissing-declarations -Wmissing-prototypes -Wstrict-prototypes -Wundef -Winit-self -Wpointer-arith -Wshadow -Wsign-promo -Wuninitialized -Winit-self -Wno-delete-non-virtual-dtor -Wno-unnamed-type-template-args -Wno-comment -Wno-deprecated-enum-enum-conversion -Wno-deprecated-anon-enum-enum-conversion -fdiagnostics-show-option -Qunused-arguments -Wno-semicolon-before-method-body -ffunction-sections -fdata-sections    -fvisibility=hidden -fvisibility-inlines-hidden -DCHECK_FUNCTION_EXISTS=cheev_ -O3 -DNDEBUG  -DNDEBUG -arch arm64 -isysroot /Library/Developer/CommandLineTools/SDKs/MacOSX12.1.sdk -Wl,-search_paths_first -Wl,-headerpad_max_install_names   -Wl,-dead_strip  CMakeFiles/cmTC_5ed64.dir/CheckFunctionExists.c.o -o cmTC_5ed64  -framework Accelerate -lm -ldl 



Determining if the include file Accelerate/Accelerate.h exists passed with the following output:
Change Dir: /Users/kshitiz2000/desktop/pythonpro/opencv-4.5.0/build/CMakeFiles/CMakeTmp

Run Build Command(s):/usr/bin/make -f Makefile cmTC_3fb6f/fast && /Library/Developer/CommandLineTools/usr/bin/make  -f CMakeFiles/cmTC_3fb6f.dir/build.make CMakeFiles/cmTC_3fb6f.dir/build
Building C object CMakeFiles/cmTC_3fb6f.dir/CheckIncludeFile.c.o
/Library/Developer/CommandLineTools/usr/bin/cc   -fsigned-char -W -Wall -Werror=return-type -Werror=non-virtual-dtor -Werror=address -Werror=sequence-point -Wformat -Werror=format-security -Wmissing-declarations -Wmissing-prototypes -Wstrict-prototypes -Wundef -Winit-self -Wpointer-arith -Wshadow -Wsign-promo -Wuninitialized -Winit-self -Wno-delete-non-virtual-dtor -Wno-unnamed-type-template-args -Wno-comment -Wno-deprecated-enum-enum-conversion -Wno-deprecated-anon-enum-enum-conversion -fdiagnostics-show-option -Qunused-arguments -Wno-semicolon-before-method-body -ffunction-sections -fdata-sections    -fvisibility=hidden -fvisibility-inlines-hidden  -O3 -DNDEBUG  -DNDEBUG -arch arm64 -isysroot /Library/Developer/CommandLineTools/SDKs/MacOSX12.1.sdk -fPIE -MD -MT CMakeFiles/cmTC_3fb6f.dir/CheckIncludeFile.c.o -MF CMakeFiles/cmTC_3fb6f.dir/CheckIncludeFile.c.o.d -o CMakeFiles/cmTC_3fb6f.dir/CheckIncludeFile.c.o -c /Users/kshitiz2000/desktop/pythonpro/opencv-4.5.0/build/CMakeFiles/CMakeTmp/CheckIncludeFile.c
Linking C executable cmTC_3fb6f
/opt/homebrew/Cellar/cmake/3.22.2/bin/cmake -E cmake_link_script CMakeFiles/cmTC_3fb6f.dir/link.txt --verbose=1
/Library/Developer/CommandLineTools/usr/bin/cc    -fsigned-char -W -Wall -Werror=return-type -Werror=non-virtual-dtor -Werror=address -Werror=sequence-point -Wformat -Werror=format-security -Wmissing-declarations -Wmissing-prototypes -Wstrict-prototypes -Wundef -Winit-self -Wpointer-arith -Wshadow -Wsign-promo -Wuninitialized -Winit-self -Wno-delete-non-virtual-dtor -Wno-unnamed-type-template-args -Wno-comment -Wno-deprecated-enum-enum-conversion -Wno-deprecated-anon-enum-enum-conversion -fdiagnostics-show-option -Qunused-arguments -Wno-semicolon-before-method-body -ffunction-sections -fdata-sections    -fvisibility=hidden -fvisibility-inlines-hidden  -O3 -DNDEBUG  -DNDEBUG -arch arm64 -isysroot /Library/Developer/CommandLineTools/SDKs/MacOSX12.1.sdk -Wl,-search_paths_first -Wl,-headerpad_max_install_names   -Wl,-dead_strip  CMakeFiles/cmTC_3fb6f.dir/CheckIncludeFile.c.o -o cmTC_3fb6f 



Determining if the include file Accelerate/Accelerate.h exists passed with the following output:
Change Dir: /Users/kshitiz2000/desktop/pythonpro/opencv-4.5.0/build/CMakeFiles/CMakeTmp

Run Build Command(s):/usr/bin/make -f Makefile cmTC_059fa/fast && /Library/Developer/CommandLineTools/usr/bin/make  -f CMakeFiles/cmTC_059fa.dir/build.make CMakeFiles/cmTC_059fa.dir/build
Building C object CMakeFiles/cmTC_059fa.dir/CheckIncludeFile.c.o
/Library/Developer/CommandLineTools/usr/bin/cc   -fsigned-char -W -Wall -Werror=return-type -Werror=non-virtual-dtor -Werror=address -Werror=sequence-point -Wformat -Werror=format-security -Wmissing-declarations -Wmissing-prototypes -Wstrict-prototypes -Wundef -Winit-self -Wpointer-arith -Wshadow -Wsign-promo -Wuninitialized -Winit-self -Wno-delete-non-virtual-dtor -Wno-unnamed-type-template-args -Wno-comment -Wno-deprecated-enum-enum-conversion -Wno-deprecated-anon-enum-enum-conversion -fdiagnostics-show-option -Qunused-arguments -Wno-semicolon-before-method-body -ffunction-sections -fdata-sections    -fvisibility=hidden -fvisibility-inlines-hidden  -O3 -DNDEBUG  -DNDEBUG -arch arm64 -isysroot /Library/Developer/CommandLineTools/SDKs/MacOSX12.1.sdk -fPIE -MD -MT CMakeFiles/cmTC_059fa.dir/CheckIncludeFile.c.o -MF CMakeFiles/cmTC_059fa.dir/CheckIncludeFile.c.o.d -o CMakeFiles/cmTC_059fa.dir/CheckIncludeFile.c.o -c /Users/kshitiz2000/desktop/pythonpro/opencv-4.5.0/build/CMakeFiles/CMakeTmp/CheckIncludeFile.c
Linking C executable cmTC_059fa
/opt/homebrew/Cellar/cmake/3.22.2/bin/cmake -E cmake_link_script CMakeFiles/cmTC_059fa.dir/link.txt --verbose=1
/Library/Developer/CommandLineTools/usr/bin/cc    -fsigned-char -W -Wall -Werror=return-type -Werror=non-virtual-dtor -Werror=address -Werror=sequence-point -Wformat -Werror=format-security -Wmissing-declarations -Wmissing-prototypes -Wstrict-prototypes -Wundef -Winit-self -Wpointer-arith -Wshadow -Wsign-promo -Wuninitialized -Winit-self -Wno-delete-non-virtual-dtor -Wno-unnamed-type-template-args -Wno-comment -Wno-deprecated-enum-enum-conversion -Wno-deprecated-anon-enum-enum-conversion -fdiagnostics-show-option -Qunused-arguments -Wno-semicolon-before-method-body -ffunction-sections -fdata-sections    -fvisibility=hidden -fvisibility-inlines-hidden  -O3 -DNDEBUG  -DNDEBUG -arch arm64 -isysroot /Library/Developer/CommandLineTools/SDKs/MacOSX12.1.sdk -Wl,-search_paths_first -Wl,-headerpad_max_install_names   -Wl,-dead_strip  CMakeFiles/cmTC_059fa.dir/CheckIncludeFile.c.o -o cmTC_059fa 



Determining if the function dlerror exists in the dl passed with the following output:
Change Dir: /Users/kshitiz2000/desktop/pythonpro/opencv-4.5.0/build/CMakeFiles/CMakeTmp

Run Build Command(s):/usr/bin/make -f Makefile cmTC_d2f1c/fast && /Library/Developer/CommandLineTools/usr/bin/make  -f CMakeFiles/cmTC_d2f1c.dir/build.make CMakeFiles/cmTC_d2f1c.dir/build
Building C object CMakeFiles/cmTC_d2f1c.dir/CheckFunctionExists.c.o
/Library/Developer/CommandLineTools/usr/bin/cc   -fsigned-char -W -Wall -Werror=return-type -Werror=non-virtual-dtor -Werror=address -Werror=sequence-point -Wformat -Werror=format-security -Wmissing-declarations -Wmissing-prototypes -Wstrict-prototypes -Wundef -Winit-self -Wpointer-arith -Wshadow -Wsign-promo -Wuninitialized -Winit-self -Wno-delete-non-virtual-dtor -Wno-unnamed-type-template-args -Wno-comment -Wno-deprecated-enum-enum-conversion -Wno-deprecated-anon-enum-enum-conversion -fdiagnostics-show-option -Qunused-arguments -Wno-semicolon-before-method-body -ffunction-sections -fdata-sections    -fvisibility=hidden -fvisibility-inlines-hidden -DCHECK_FUNCTION_EXISTS=dlerror -O3 -DNDEBUG  -DNDEBUG -arch arm64 -isysroot /Library/Developer/CommandLineTools/SDKs/MacOSX12.1.sdk -fPIE -MD -MT CMakeFiles/cmTC_d2f1c.dir/CheckFunctionExists.c.o -MF CMakeFiles/cmTC_d2f1c.dir/CheckFunctionExists.c.o.d -o CMakeFiles/cmTC_d2f1c.dir/CheckFunctionExists.c.o -c /opt/homebrew/Cellar/cmake/3.22.2/share/cmake/Modules/CheckFunctionExists.c
Linking C executable cmTC_d2f1c
/opt/homebrew/Cellar/cmake/3.22.2/bin/cmake -E cmake_link_script CMakeFiles/cmTC_d2f1c.dir/link.txt --verbose=1
/Library/Developer/CommandLineTools/usr/bin/cc    -fsigned-char -W -Wall -Werror=return-type -Werror=non-virtual-dtor -Werror=address -Werror=sequence-point -Wformat -Werror=format-security -Wmissing-declarations -Wmissing-prototypes -Wstrict-prototypes -Wundef -Winit-self -Wpointer-arith -Wshadow -Wsign-promo -Wuninitialized -Winit-self -Wno-delete-non-virtual-dtor -Wno-unnamed-type-template-args -Wno-comment -Wno-deprecated-enum-enum-conversion -Wno-deprecated-anon-enum-enum-conversion -fdiagnostics-show-option -Qunused-arguments -Wno-semicolon-before-method-body -ffunction-sections -fdata-sections    -fvisibility=hidden -fvisibility-inlines-hidden -DCHECK_FUNCTION_EXISTS=dlerror -O3 -DNDEBUG  -DNDEBUG -arch arm64 -isysroot /Library/Developer/CommandLineTools/SDKs/MacOSX12.1.sdk -Wl,-search_paths_first -Wl,-headerpad_max_install_names   -Wl,-dead_strip  CMakeFiles/cmTC_d2f1c.dir/CheckFunctionExists.c.o -o cmTC_d2f1c  -ldl 



Determining if the CL_VERSION_1_2 exist passed with the following output:
Change Dir: /Users/kshitiz2000/desktop/pythonpro/opencv-4.5.0/build/CMakeFiles/CMakeTmp

Run Build Command(s):/usr/bin/make -f Makefile cmTC_23c91/fast && /Library/Developer/CommandLineTools/usr/bin/make  -f CMakeFiles/cmTC_23c91.dir/build.make CMakeFiles/cmTC_23c91.dir/build
Building C object CMakeFiles/cmTC_23c91.dir/CheckSymbolExists.c.o
/Library/Developer/CommandLineTools/usr/bin/cc  -F/Library/Developer/CommandLineTools/SDKs/MacOSX12.1.sdk/System/Library/Frameworks -fsigned-char -W -Wall -Werror=return-type -Werror=non-virtual-dtor -Werror=address -Werror=sequence-point -Wformat -Werror=format-security -Wmissing-declarations -Wmissing-prototypes -Wstrict-prototypes -Wundef -Winit-self -Wpointer-arith -Wshadow -Wsign-promo -Wuninitialized -Winit-self -Wno-delete-non-virtual-dtor -Wno-unnamed-type-template-args -Wno-comment -Wno-deprecated-enum-enum-conversion -Wno-deprecated-anon-enum-enum-conversion -fdiagnostics-show-option -Qunused-arguments -Wno-semicolon-before-method-body -ffunction-sections -fdata-sections    -fvisibility=hidden -fvisibility-inlines-hidden  -O3 -DNDEBUG  -DNDEBUG -arch arm64 -isysroot /Library/Developer/CommandLineTools/SDKs/MacOSX12.1.sdk -fPIE -MD -MT CMakeFiles/cmTC_23c91.dir/CheckSymbolExists.c.o -MF CMakeFiles/cmTC_23c91.dir/CheckSymbolExists.c.o.d -o CMakeFiles/cmTC_23c91.dir/CheckSymbolExists.c.o -c /Users/kshitiz2000/desktop/pythonpro/opencv-4.5.0/build/CMakeFiles/CMakeTmp/CheckSymbolExists.c
Linking C executable cmTC_23c91
/opt/homebrew/Cellar/cmake/3.22.2/bin/cmake -E cmake_link_script CMakeFiles/cmTC_23c91.dir/link.txt --verbose=1
/Library/Developer/CommandLineTools/usr/bin/cc    -fsigned-char -W -Wall -Werror=return-type -Werror=non-virtual-dtor -Werror=address -Werror=sequence-point -Wformat -Werror=format-security -Wmissing-declarations -Wmissing-prototypes -Wstrict-prototypes -Wundef -Winit-self -Wpointer-arith -Wshadow -Wsign-promo -Wuninitialized -Winit-self -Wno-delete-non-virtual-dtor -Wno-unnamed-type-template-args -Wno-comment -Wno-deprecated-enum-enum-conversion -Wno-deprecated-anon-enum-enum-conversion -fdiagnostics-show-option -Qunused-arguments -Wno-semicolon-before-method-body -ffunction-sections -fdata-sections    -fvisibility=hidden -fvisibility-inlines-hidden  -O3 -DNDEBUG  -DNDEBUG -arch arm64 -isysroot /Library/Developer/CommandLineTools/SDKs/MacOSX12.1.sdk -Wl,-search_paths_first -Wl,-headerpad_max_install_names   -Wl,-dead_strip  CMakeFiles/cmTC_23c91.dir/CheckSymbolExists.c.o -o cmTC_23c91 


File /Users/kshitiz2000/desktop/pythonpro/opencv-4.5.0/build/CMakeFiles/CMakeTmp/CheckSymbolExists.c:
/* */
#include </Library/Developer/CommandLineTools/SDKs/MacOSX12.1.sdk/System/Library/Frameworks/OpenCL.framework/Headers/cl.h>

int main(int argc, char** argv)
{
  (void)argv;
#ifndef CL_VERSION_1_2
  return ((int*)(&CL_VERSION_1_2))[argc];
#else
  (void)argc;
  return 0;
#endif
}
